mlflow-1      | Backend store URI not provided. Using sqlite:///mlflow.db
mlflow-1      | Registry store URI not provided. Using backend store URI.
prometheus-1  | time=2026-04-20T08:17:06.865Z level=INFO source=main.go:1678 msg="updated GOGC" old=100 new=75
prometheus-1  | time=2026-04-20T08:17:06.866Z level=INFO source=main.go:744 msg="Leaving GOMAXPROCS=2: CPU quota undefined" component=automaxprocs
prometheus-1  | time=2026-04-20T08:17:06.866Z level=INFO source=memlimit.go:198 msg="GOMEMLIMIT is updated" component=automemlimit package=github.com/KimMachineGun/automemlimit/memlimit GOMEMLIMIT=1848814387 previous=9223372036854775807
prometheus-1  | time=2026-04-20T08:17:06.866Z level=INFO source=main.go:851 msg="Starting Prometheus Server" mode=server version="(version=3.11.2, branch=HEAD, revision=f0f0fdd679dcd6df320b0558b20919f7cd44c407)"
prometheus-1  | time=2026-04-20T08:17:06.866Z level=INFO source=main.go:856 msg="operational information" build_context="(go=go1.26.2, platform=linux/arm64, user=root@d2684485c347, date=20260413-11:58:47, tags=netgo,builtinassets)" host_details="(Linux 6.8.0-100-generic #100-Ubuntu SMP PREEMPT_DYNAMIC Tue Jan 13 16:39:21 UTC 2026 aarch64 7861d577eb30 (none))" fd_limits="(soft=524287, hard=524288)" vm_limits="(soft=unlimited, hard=unlimited)"
prometheus-1  | time=2026-04-20T08:17:07.009Z level=INFO source=web.go:710 msg="Start listening for connections" component=web address=0.0.0.0:9090
prometheus-1  | time=2026-04-20T08:17:07.013Z level=INFO source=main.go:1410 msg="Starting TSDB ..."
mlflow-1      | 2026/04/20 08:17:09 INFO mlflow.store.db.utils: Creating initial MLflow database tables...
mlflow-1      | 2026/04/20 08:17:09 INFO mlflow.store.db.utils: Updating database tables
mlflow-1      | [MLflow] Security middleware enabled with default settings (localhost-only). To allow connections from other hosts, use --host 0.0.0.0 and configure --allowed-hosts and --cors-allowed-origins.
mlflow-1      | 2026/04/20 08:17:10 INFO:     Uvicorn running on http://0.0.0.0:5000 (Press CTRL+C to quit)
mlflow-1      | 2026/04/20 08:17:10 INFO:     Started parent process [9]
mlflow-1      | 2026/04/20 08:17:15 INFO:     Started server process [12]
prometheus-1  | time=2026-04-20T08:17:07.019Z level=INFO source=tls_config.go:354 msg="Listening on" component=web address=[::]:9090
prometheus-1  | time=2026-04-20T08:17:07.020Z level=INFO source=tls_config.go:357 msg="TLS is disabled." component=web http2=false address=[::]:9090
prometheus-1  | time=2026-04-20T08:17:07.023Z level=INFO source=head.go:698 msg="Replaying on-disk memory mappable chunks if any" component=tsdb
prometheus-1  | time=2026-04-20T08:17:07.024Z level=INFO source=head.go:784 msg="On-disk memory mappable chunks replay completed" component=tsdb duration=82.876µs
prometheus-1  | time=2026-04-20T08:17:07.024Z level=INFO source=head.go:792 msg="Replaying WAL, this may take a while" component=tsdb
prometheus-1  | time=2026-04-20T08:17:07.025Z level=INFO source=head.go:865 msg="WAL segment loaded" component=tsdb segment=0 maxSegment=0 duration=806.129µs
prometheus-1  | time=2026-04-20T08:17:07.025Z level=INFO source=head.go:902 msg="WAL replay completed" component=tsdb checkpoint_replay_duration=276.793µs wal_replay_duration=822.088µs wbl_replay_duration=167ns chunk_snapshot_load_duration=0s mmap_chunk_replay_duration=82.876µs total_replay_duration=1.290299ms
prometheus-1  | time=2026-04-20T08:17:07.030Z level=INFO source=main.go:1431 msg="filesystem information" fs_type=EXT4_SUPER_MAGIC
prometheus-1  | time=2026-04-20T08:17:07.030Z level=INFO source=main.go:1434 msg="TSDB started"
prometheus-1  | time=2026-04-20T08:17:07.030Z level=INFO source=main.go:1632 msg="Loading configuration file" filename=/etc/prometheus/prometheus.yml
prometheus-1  | time=2026-04-20T08:17:07.030Z level=INFO source=main.go:1048 msg="TSDB retention updated" duration=15d size=0B percentage=0
prometheus-1  | time=2026-04-20T08:17:07.031Z level=INFO source=main.go:1671 msg="Completed loading of configuration file" db_storage=54.25µs remote_storage=1.167µs web_handler=416ns query_engine=709ns scrape=1.067006ms scrape_sd=20.708µs notify=79.5µs notify_sd=6.5µs rules=1.208µs tracing=2.708µs filename=/etc/prometheus/prometheus.yml totalDuration=1.435425ms
mlflow-1      | 2026/04/20 08:17:15 INFO:     Waiting for application startup.
mlflow-1      | 2026/04/20 08:17:15 INFO:     Application startup complete.
mlflow-1      | 2026/04/20 08:17:15 INFO:     Started server process [13]
mlflow-1      | 2026/04/20 08:17:15 INFO:     Waiting for application startup.
prometheus-1  | time=2026-04-20T08:17:07.031Z level=INFO source=main.go:1395 msg="Server is ready to receive web requests."
prometheus-1  | time=2026-04-20T08:17:07.032Z level=INFO source=manager.go:209 msg="Starting rule manager..." component="rule manager"
mlflow-1      | 2026/04/20 08:17:15 INFO:     Application startup complete.
mlflow-1      | 2026/04/20 08:17:15 INFO:     Started server process [14]
mlflow-1      | 2026/04/20 08:17:15 INFO:     Waiting for application startup.
mlflow-1      | 2026/04/20 08:17:15 INFO:     Application startup complete.
mlflow-1      | 2026/04/20 08:17:15 INFO:     Started server process [15]
mlflow-1      | 2026/04/20 08:17:15 INFO:     Waiting for application startup.
mlflow-1      | 2026/04/20 08:17:15 INFO:     Application startup complete.
grafana-1     | logger=settings t=2026-04-20T08:17:07.179606281Z level=info msg="Starting Grafana" version=13.0.1 commit=a100054f branch=release-13.0.1 compiled=2026-04-17T01:07:40Z
grafana-1     | logger=settings t=2026-04-20T08:17:07.180075201Z level=info msg="Unified migration configs enforced" storage_type=unified target=[all]
grafana-1     | logger=settings t=2026-04-20T08:17:07.180099409Z level=info msg="Enforcing mode 5 for resource in unified storage" resource=playlists.playlist.grafana.app
grafana-1     | logger=settings t=2026-04-20T08:17:07.180101701Z level=info msg="Enforcing mode 5 for resource in unified storage" resource=folders.folder.grafana.app
grafana-1     | logger=settings t=2026-04-20T08:17:07.180103159Z level=info msg="Enforcing mode 5 for resource in unified storage" resource=dashboards.dashboard.grafana.app
grafana-1     | logger=settings t=2026-04-20T08:17:07.180180285Z level=info msg="Config loaded from" file=/usr/share/grafana/conf/defaults.ini
grafana-1     | logger=settings t=2026-04-20T08:17:07.180186535Z level=info msg="Config loaded from" file=/etc/grafana/grafana.ini
grafana-1     | logger=settings t=2026-04-20T08:17:07.180188201Z level=info msg="Config overridden from command line" arg="default.paths.data=/var/lib/grafana"
grafana-1     | logger=settings t=2026-04-20T08:17:07.180189618Z level=info msg="Config overridden from command line" arg="default.paths.logs=/var/log/grafana"
grafana-1     | logger=settings t=2026-04-20T08:17:07.180190868Z level=info msg="Config overridden from command line" arg="default.paths.plugins=/var/lib/grafana/plugins"
grafana-1     | logger=settings t=2026-04-20T08:17:07.18019216Z level=info msg="Config overridden from command line" arg="default.paths.provisioning=/etc/grafana/provisioning"
grafana-1     | logger=settings t=2026-04-20T08:17:07.180201576Z level=info msg="Config overridden from command line" arg="default.log.mode=console"
grafana-1     | logger=settings t=2026-04-20T08:17:07.180206785Z level=info msg="Config overridden from Environment variable" var="GF_PATHS_DATA=/var/lib/grafana"
grafana-1     | logger=settings t=2026-04-20T08:17:07.180209285Z level=info msg="Config overridden from Environment variable" var="GF_PATHS_LOGS=/var/log/grafana"
grafana-1     | logger=settings t=2026-04-20T08:17:07.180210618Z level=info msg="Config overridden from Environment variable" var="GF_PATHS_PLUGINS=/var/lib/grafana/plugins"
grafana-1     | logger=settings t=2026-04-20T08:17:07.180211993Z level=info msg="Config overridden from Environment variable" var="GF_PATHS_PROVISIONING=/etc/grafana/provisioning"
grafana-1     | logger=settings t=2026-04-20T08:17:07.180213285Z level=info msg="Config overridden from Environment variable" var="GF_PATHS_HOME=/usr/share/grafana"
grafana-1     | logger=settings t=2026-04-20T08:17:07.180214535Z level=info msg="Config overridden from Environment variable" var="GF_PATHS_CONFIG=/etc/grafana/grafana.ini"
grafana-1     | logger=settings t=2026-04-20T08:17:07.180216035Z level=info msg=Target target=[all]
grafana-1     | logger=settings t=2026-04-20T08:17:07.18080933Z level=info msg="Path Home" path=/usr/share/grafana
grafana-1     | logger=settings t=2026-04-20T08:17:07.18085483Z level=info msg="Path Data" path=/var/lib/grafana
grafana-1     | logger=settings t=2026-04-20T08:17:07.180877955Z level=info msg="Path Logs" path=/var/log/grafana
grafana-1     | logger=settings t=2026-04-20T08:17:07.18089158Z level=info msg="Path Plugins" path="[/var/lib/grafana/plugins /usr/share/grafana/data/plugins-bundled]"
grafana-1     | logger=settings t=2026-04-20T08:17:07.180913414Z level=info msg="Path Provisioning" path=/etc/grafana/provisioning
grafana-1     | logger=settings t=2026-04-20T08:17:07.180934955Z level=info msg="App mode production"
grafana-1     | logger=featuremgmt t=2026-04-20T08:17:07.183767971Z level=info msg=FeatureToggles alertRuleRestore=true alertingBulkActionsInUI=true alertingImportYAMLUI=true alertingListViewV2=true alertingListViewV2PreviewToggle=true alertingMigrationUI=true alertingNavigationV2=true alertingNotificationsStepMode=true alertingQueryAndExpressionsStepMode=true alertingRulePermanentlyDelete=true alertingRuleRecoverDeleted=true alertingRuleVersionHistoryRestore=true alertingSaveStateCompressed=true alertingUIOptimizeReducer=true alertingUIUseBackendFilters=true alertingUIUseFullyCompatBackendFilters=true alertingUseNewSimplifiedRoutingHashAlgorithm=true annotationPermissionUpdate=true awsAsyncQueryCaching=true awsDatasourcesTempCredentials=true azureMonitorEnableUserAuth=true azureMonitorPrometheusExemplars=true azureResourcePickerUpdates=true cloudWatchCrossAccountQuerying=true cloudWatchNewLabelParsing=true cloudWatchRoundUpEndTime=true dashboardDefaultLayoutSelector=true dashboardNewLayouts=true dashboardScene=true dashgpt=true enableSCIM=true externalVizSuggestions=true feedbackButton=true grafanaAdvisor=true grafanaAssistantInProfilesDrilldown=true grafanaconThemes=true improvedExternalSessionHandling=true improvedExternalSessionHandlingSAML=true influxdbBackendMigration=true logsPanelControls=true lokiLabelNamesQueryApi=true lokiQuerySplitting=true multiPropsVariables=true newLogsPanel=true newPanelPadding=true newTimeRangeZoomShortcuts=true newUnconfiguredPanel=true newVizSuggestions=true onlyStoreActionSets=true preventPanelChromeOverflow=true prometheusAzureOverrideAudience=true prometheusTypeMigration=true provisioning=true provisioningFolderMetadata=true publicDashboardsScene=true rememberUserOrgForSso=true renderAuthJWT=true restoreDashboards=true restrictedPluginApis=true sharingDashboardImage=true splashScreen=true timeRangePan=true useSessionStorageForRedirection=true
grafana-1     | logger=sqlstore t=2026-04-20T08:17:07.184013889Z level=info msg="Connecting to DB" dbtype=sqlite3
grafana-1     | logger=sqlstore t=2026-04-20T08:17:07.184034222Z level=info msg="Using SQLite driver" driver=modernc.org/sqlite
grafana-1     | logger=sqlstore t=2026-04-20T08:17:07.184048764Z level=info msg="Creating SQLite database file" path=/var/lib/grafana/grafana.db
grafana-1     | logger=migrator t=2026-04-20T08:17:07.193573149Z level=info msg="Locking database"
grafana-1     | logger=migrator t=2026-04-20T08:17:07.193642816Z level=info msg="Starting DB migrations"
grafana-1     | logger=migrator t=2026-04-20T08:17:07.194318444Z level=info msg="Executing migration" id="create migration_log table"
grafana-1     | logger=migrator t=2026-04-20T08:17:07.194661696Z level=info msg="Migration successfully executed" id="create migration_log table" duration=343.169µs
grafana-1     | logger=migrator t=2026-04-20T08:17:07.196872666Z level=info msg="Executing migration" id="create user table"
grafana-1     | logger=migrator t=2026-04-20T08:17:07.197082918Z level=info msg="Migration successfully executed" id="create user table" duration=210.251µs
grafana-1     | logger=migrator t=2026-04-20T08:17:07.19961214Z level=info msg="Executing migration" id="add unique index user.login"
grafana-1     | logger=migrator t=2026-04-20T08:17:07.200383602Z level=info msg="Migration successfully executed" id="add unique index user.login" duration=771.087µs
grafana-1     | logger=migrator t=2026-04-20T08:17:07.201734693Z level=info msg="Executing migration" id="add unique index user.email"
grafana-1     | logger=migrator t=2026-04-20T08:17:07.201974111Z level=info msg="Migration successfully executed" id="add unique index user.email" duration=239.959µs
grafana-1     | logger=migrator t=2026-04-20T08:17:07.203196659Z level=info msg="Executing migration" id="drop index UQE_user_login - v1"
grafana-1     | logger=migrator t=2026-04-20T08:17:07.203396493Z level=info msg="Migration successfully executed" id="drop index UQE_user_login - v1" duration=199.626µs
grafana-1     | logger=migrator t=2026-04-20T08:17:07.204370582Z level=info msg="Executing migration" id="drop index UQE_user_email - v1"
grafana-1     | logger=migrator t=2026-04-20T08:17:07.204533041Z level=info msg="Migration successfully executed" id="drop index UQE_user_email - v1" duration=162.292µs
grafana-1     | logger=migrator t=2026-04-20T08:17:07.206502385Z level=info msg="Executing migration" id="Rename table user to user_v1 - v1"
grafana-1     | logger=migrator t=2026-04-20T08:17:07.207107972Z level=info msg="Migration successfully executed" id="Rename table user to user_v1 - v1" duration=604.712µs
grafana-1     | logger=migrator t=2026-04-20T08:17:07.208704814Z level=info msg="Executing migration" id="create user table v2"
grafana-1     | logger=migrator t=2026-04-20T08:17:07.209024982Z level=info msg="Migration successfully executed" id="create user table v2" duration=320.168µs
grafana-1     | logger=migrator t=2026-04-20T08:17:07.211538037Z level=info msg="Executing migration" id="create index UQE_user_login - v2"
grafana-1     | logger=migrator t=2026-04-20T08:17:07.211796247Z level=info msg="Migration successfully executed" id="create index UQE_user_login - v2" duration=258.293µs
grafana-1     | logger=migrator t=2026-04-20T08:17:07.215349683Z level=info msg="Executing migration" id="create index UQE_user_email - v2"
grafana-1     | logger=migrator t=2026-04-20T08:17:07.215592476Z level=info msg="Migration successfully executed" id="create index UQE_user_email - v2" duration=243.127µs
grafana-1     | logger=migrator t=2026-04-20T08:17:07.217454569Z level=info msg="Executing migration" id="copy data_source v1 to v2"
grafana-1     | logger=migrator t=2026-04-20T08:17:07.21756907Z level=info msg="Migration successfully executed" id="copy data_source v1 to v2" duration=114.917µs
grafana-1     | logger=migrator t=2026-04-20T08:17:07.218913452Z level=info msg="Executing migration" id="Drop old table user_v1"
grafana-1     | logger=migrator t=2026-04-20T08:17:07.219084912Z level=info msg="Migration successfully executed" id="Drop old table user_v1" duration=171.459µs
grafana-1     | logger=migrator t=2026-04-20T08:17:07.220270251Z level=info msg="Executing migration" id="Add column help_flags1 to user table"
grafana-1     | logger=migrator t=2026-04-20T08:17:07.220573211Z level=info msg="Migration successfully executed" id="Add column help_flags1 to user table" duration=303.293µs
grafana-1     | logger=migrator t=2026-04-20T08:17:07.221600217Z level=info msg="Executing migration" id="Update user table charset"
grafana-1     | logger=migrator t=2026-04-20T08:17:07.221613217Z level=info msg="Migration successfully executed" id="Update user table charset" duration=13.501µs
grafana-1     | logger=migrator t=2026-04-20T08:17:07.222670348Z level=info msg="Executing migration" id="Add last_seen_at column to user"
grafana-1     | logger=migrator t=2026-04-20T08:17:07.222969058Z level=info msg="Migration successfully executed" id="Add last_seen_at column to user" duration=298.626µs
grafana-1     | logger=migrator t=2026-04-20T08:17:07.225053152Z level=info msg="Executing migration" id="Add missing user data"
grafana-1     | logger=migrator t=2026-04-20T08:17:07.225154694Z level=info msg="Migration successfully executed" id="Add missing user data" duration=101.792µs
grafana-1     | logger=migrator t=2026-04-20T08:17:07.226549994Z level=info msg="Executing migration" id="Add is_disabled column to user"
grafana-1     | logger=migrator t=2026-04-20T08:17:07.226868995Z level=info msg="Migration successfully executed" id="Add is_disabled column to user" duration=319.085µs
grafana-1     | logger=migrator t=2026-04-20T08:17:07.228224461Z level=info msg="Executing migration" id="Add index user.login/user.email"
grafana-1     | logger=migrator t=2026-04-20T08:17:07.229022215Z level=info msg="Migration successfully executed" id="Add index user.login/user.email" duration=798.213µs
grafana-1     | logger=migrator t=2026-04-20T08:17:07.233867116Z level=info msg="Executing migration" id="Add is_service_account column to user"
grafana-1     | logger=migrator t=2026-04-20T08:17:07.234324702Z level=info msg="Migration successfully executed" id="Add is_service_account column to user" duration=459.294µs
grafana-1     | logger=migrator t=2026-04-20T08:17:07.235708335Z level=info msg="Executing migration" id="Update is_service_account column to nullable"
grafana-1     | logger=migrator t=2026-04-20T08:17:07.236748215Z level=info msg="Migration successfully executed" id="Update is_service_account column to nullable" duration=1.036631ms
grafana-1     | logger=migrator t=2026-04-20T08:17:07.238978811Z level=info msg="Executing migration" id="Add uid column to user"
grafana-1     | logger=migrator t=2026-04-20T08:17:07.239248895Z level=info msg="Migration successfully executed" id="Add uid column to user" duration=273.126µs
grafana-1     | logger=migrator t=2026-04-20T08:17:07.240373693Z level=info msg="Executing migration" id="Update uid column values for users"
grafana-1     | logger=migrator t=2026-04-20T08:17:07.24044561Z level=info msg="Migration successfully executed" id="Update uid column values for users" duration=71.875µs
grafana-1     | logger=migrator t=2026-04-20T08:17:07.242660206Z level=info msg="Executing migration" id="Make sure users uid are set"
grafana-1     | logger=migrator t=2026-04-20T08:17:07.242740956Z level=info msg="Migration successfully executed" id="Make sure users uid are set" duration=81.917µs
grafana-1     | logger=migrator t=2026-04-20T08:17:07.244505674Z level=info msg="Executing migration" id="Add unique index user_uid"
grafana-1     | logger=migrator t=2026-04-20T08:17:07.244757967Z level=info msg="Migration successfully executed" id="Add unique index user_uid" duration=250.127µs
grafana-1     | logger=migrator t=2026-04-20T08:17:07.246286059Z level=info msg="Executing migration" id="Add is_provisioned column to user"
grafana-1     | logger=migrator t=2026-04-20T08:17:07.246583102Z level=info msg="Migration successfully executed" id="Add is_provisioned column to user" duration=297.209µs
grafana-1     | logger=migrator t=2026-04-20T08:17:07.248426945Z level=info msg="Executing migration" id="update login field with orgid to allow for multiple service accounts with same name across orgs"
grafana-1     | logger=migrator t=2026-04-20T08:17:07.248545237Z level=info msg="Migration successfully executed" id="update login field with orgid to allow for multiple service accounts with same name across orgs" duration=118.584µs
grafana-1     | logger=migrator t=2026-04-20T08:17:07.249945495Z level=info msg="Executing migration" id="update service accounts login field orgid to appear only once"
grafana-1     | logger=migrator t=2026-04-20T08:17:07.250131704Z level=info msg="Migration successfully executed" id="update service accounts login field orgid to appear only once" duration=186.667µs
grafana-1     | logger=migrator t=2026-04-20T08:17:07.252429092Z level=info msg="Executing migration" id="update login and email fields to lowercase"
grafana-1     | logger=migrator t=2026-04-20T08:17:07.252664885Z level=info msg="Migration successfully executed" id="update login and email fields to lowercase" duration=236.335µs
grafana-1     | logger=migrator t=2026-04-20T08:17:07.254580103Z level=info msg="Executing migration" id="update login and email fields to lowercase2"
grafana-1     | logger=migrator t=2026-04-20T08:17:07.254697646Z level=info msg="Migration successfully executed" id="update login and email fields to lowercase2" duration=112.793µs
grafana-1     | logger=migrator t=2026-04-20T08:17:07.256307946Z level=info msg="Executing migration" id="Add index on user.is_service_account and user.last_seen_at"
grafana-1     | logger=migrator t=2026-04-20T08:17:07.256584989Z level=info msg="Migration successfully executed" id="Add index on user.is_service_account and user.last_seen_at" duration=278.709µs
grafana-1     | logger=migrator t=2026-04-20T08:17:07.257613995Z level=info msg="Executing migration" id="Expand user.uid length to 190"
grafana-1     | logger=migrator t=2026-04-20T08:17:07.257627786Z level=info msg="Migration successfully executed" id="Expand user.uid length to 190" duration=14.417µs
grafana-1     | logger=migrator t=2026-04-20T08:17:07.260522219Z level=info msg="Executing migration" id="Prefix SCIM uid for provisioned users"
grafana-1     | logger=migrator t=2026-04-20T08:17:07.260645303Z level=info msg="Migration successfully executed" id="Prefix SCIM uid for provisioned users" duration=123.418µs
grafana-1     | logger=migrator t=2026-04-20T08:17:07.263017482Z level=info msg="Executing migration" id="create temp user table v1-7"
grafana-1     | logger=migrator t=2026-04-20T08:17:07.264101946Z level=info msg="Migration successfully executed" id="create temp user table v1-7" duration=1.083881ms
grafana-1     | logger=migrator t=2026-04-20T08:17:07.26684817Z level=info msg="Executing migration" id="create index IDX_temp_user_email - v1-7"
grafana-1     | logger=migrator t=2026-04-20T08:17:07.267160713Z level=info msg="Migration successfully executed" id="create index IDX_temp_user_email - v1-7" duration=315.752µs
grafana-1     | logger=migrator t=2026-04-20T08:17:07.271331819Z level=info msg="Executing migration" id="create index IDX_temp_user_org_id - v1-7"
grafana-1     | logger=migrator t=2026-04-20T08:17:07.271585945Z level=info msg="Migration successfully executed" id="create index IDX_temp_user_org_id - v1-7" duration=262.085µs
grafana-1     | logger=migrator t=2026-04-20T08:17:07.274311793Z level=info msg="Executing migration" id="create index IDX_temp_user_code - v1-7"
grafana-1     | logger=migrator t=2026-04-20T08:17:07.274607045Z level=info msg="Migration successfully executed" id="create index IDX_temp_user_code - v1-7" duration=296.085µs
grafana-1     | logger=migrator t=2026-04-20T08:17:07.278053189Z level=info msg="Executing migration" id="create index IDX_temp_user_status - v1-7"
grafana-1     | logger=migrator t=2026-04-20T08:17:07.278265523Z level=info msg="Migration successfully executed" id="create index IDX_temp_user_status - v1-7" duration=222.168µs
grafana-1     | logger=migrator t=2026-04-20T08:17:07.28542952Z level=info msg="Executing migration" id="Update temp_user table charset"
grafana-1     | logger=migrator t=2026-04-20T08:17:07.285457062Z level=info msg="Migration successfully executed" id="Update temp_user table charset" duration=29.667µs
grafana-1     | logger=migrator t=2026-04-20T08:17:07.288778705Z level=info msg="Executing migration" id="drop index IDX_temp_user_email - v1"
grafana-1     | logger=migrator t=2026-04-20T08:17:07.288984331Z level=info msg="Migration successfully executed" id="drop index IDX_temp_user_email - v1" duration=206.501µs
grafana-1     | logger=migrator t=2026-04-20T08:17:07.291908055Z level=info msg="Executing migration" id="drop index IDX_temp_user_org_id - v1"
grafana-1     | logger=migrator t=2026-04-20T08:17:07.292236265Z level=info msg="Migration successfully executed" id="drop index IDX_temp_user_org_id - v1" duration=328.252µs
grafana-1     | logger=migrator t=2026-04-20T08:17:07.297496669Z level=info msg="Executing migration" id="drop index IDX_temp_user_code - v1"
grafana-1     | logger=migrator t=2026-04-20T08:17:07.297710461Z level=info msg="Migration successfully executed" id="drop index IDX_temp_user_code - v1" duration=215.251µs
grafana-1     | logger=migrator t=2026-04-20T08:17:07.300835645Z level=info msg="Executing migration" id="drop index IDX_temp_user_status - v1"
grafana-1     | logger=migrator t=2026-04-20T08:17:07.300956729Z level=info msg="Migration successfully executed" id="drop index IDX_temp_user_status - v1" duration=125.501µs
grafana-1     | logger=migrator t=2026-04-20T08:17:07.302939198Z level=info msg="Executing migration" id="Rename table temp_user to temp_user_tmp_qwerty - v1"
grafana-1     | logger=migrator t=2026-04-20T08:17:07.303398992Z level=info msg="Migration successfully executed" id="Rename table temp_user to temp_user_tmp_qwerty - v1" duration=459.877µs
grafana-1     | logger=migrator t=2026-04-20T08:17:07.308427478Z level=info msg="Executing migration" id="create temp_user v2"
grafana-1     | logger=migrator t=2026-04-20T08:17:07.308615895Z level=info msg="Migration successfully executed" id="create temp_user v2" duration=190.043µs
grafana-1     | logger=migrator t=2026-04-20T08:17:07.311496911Z level=info msg="Executing migration" id="create index IDX_temp_user_email - v2"
grafana-1     | logger=migrator t=2026-04-20T08:17:07.311735412Z level=info msg="Migration successfully executed" id="create index IDX_temp_user_email - v2" duration=240.21µs
grafana-1     | logger=migrator t=2026-04-20T08:17:07.315927893Z level=info msg="Executing migration" id="create index IDX_temp_user_org_id - v2"
grafana-1     | logger=migrator t=2026-04-20T08:17:07.316780564Z level=info msg="Migration successfully executed" id="create index IDX_temp_user_org_id - v2" duration=852.963µs
grafana-1     | logger=migrator t=2026-04-20T08:17:07.319788872Z level=info msg="Executing migration" id="create index IDX_temp_user_code - v2"
grafana-1     | logger=migrator t=2026-04-20T08:17:07.320095707Z level=info msg="Migration successfully executed" id="create index IDX_temp_user_code - v2" duration=307.96µs
grafana-1     | logger=migrator t=2026-04-20T08:17:07.322947723Z level=info msg="Executing migration" id="create index IDX_temp_user_status - v2"
grafana-1     | logger=migrator t=2026-04-20T08:17:07.323290558Z level=info msg="Migration successfully executed" id="create index IDX_temp_user_status - v2" duration=343.919µs
grafana-1     | logger=migrator t=2026-04-20T08:17:07.326945244Z level=info msg="Executing migration" id="copy temp_user v1 to v2"
grafana-1     | logger=migrator t=2026-04-20T08:17:07.327334163Z level=info msg="Migration successfully executed" id="copy temp_user v1 to v2" duration=389.794µs
grafana-1     | logger=migrator t=2026-04-20T08:17:07.32888538Z level=info msg="Executing migration" id="drop temp_user_tmp_qwerty"
grafana-1     | logger=migrator t=2026-04-20T08:17:07.329220257Z level=info msg="Migration successfully executed" id="drop temp_user_tmp_qwerty" duration=334.919µs
grafana-1     | logger=migrator t=2026-04-20T08:17:07.331708645Z level=info msg="Executing migration" id="Set created for temp users that will otherwise prematurely expire"
grafana-1     | logger=migrator t=2026-04-20T08:17:07.331862229Z level=info msg="Migration successfully executed" id="Set created for temp users that will otherwise prematurely expire" duration=154.001µs
grafana-1     | logger=migrator t=2026-04-20T08:17:07.33348128Z level=info msg="Executing migration" id="create star table"
grafana-1     | logger=migrator t=2026-04-20T08:17:07.333958949Z level=info msg="Migration successfully executed" id="create star table" duration=475.127µs
grafana-1     | logger=migrator t=2026-04-20T08:17:07.337266967Z level=info msg="Executing migration" id="add unique index star.user_id_dashboard_id"
grafana-1     | logger=migrator t=2026-04-20T08:17:07.338264306Z level=info msg="Migration successfully executed" id="add unique index star.user_id_dashboard_id" duration=997.38µs
grafana-1     | logger=migrator t=2026-04-20T08:17:07.339953148Z level=info msg="Executing migration" id="Add column dashboard_uid in star"
grafana-1     | logger=migrator t=2026-04-20T08:17:07.340448401Z level=info msg="Migration successfully executed" id="Add column dashboard_uid in star" duration=496.628µs
grafana-1     | logger=migrator t=2026-04-20T08:17:07.342751663Z level=info msg="Executing migration" id="Add column org_id in star"
grafana-1     | logger=migrator t=2026-04-20T08:17:07.34338225Z level=info msg="Migration successfully executed" id="Add column org_id in star" duration=630.878µs
grafana-1     | logger=migrator t=2026-04-20T08:17:07.345060217Z level=info msg="Executing migration" id="Add column updated in star"
grafana-1     | logger=migrator t=2026-04-20T08:17:07.345546512Z level=info msg="Migration successfully executed" id="Add column updated in star" duration=486.419µs
grafana-1     | logger=migrator t=2026-04-20T08:17:07.349797118Z level=info msg="Executing migration" id="add index in star table on dashboard_uid, org_id and user_id columns"
grafana-1     | logger=migrator t=2026-04-20T08:17:07.350017661Z level=info msg="Migration successfully executed" id="add index in star table on dashboard_uid, org_id and user_id columns" duration=221.042µs
grafana-1     | logger=migrator t=2026-04-20T08:17:07.352383965Z level=info msg="Executing migration" id="create org table v1"
grafana-1     | logger=migrator t=2026-04-20T08:17:07.352676175Z level=info msg="Migration successfully executed" id="create org table v1" duration=292.668µs
grafana-1     | logger=migrator t=2026-04-20T08:17:07.356590655Z level=info msg="Executing migration" id="create index UQE_org_name - v1"
grafana-1     | logger=migrator t=2026-04-20T08:17:07.356996198Z level=info msg="Migration successfully executed" id="create index UQE_org_name - v1" duration=406.211µs
grafana-1     | logger=migrator t=2026-04-20T08:17:07.360328508Z level=info msg="Executing migration" id="create org_user table v1"
grafana-1     | logger=migrator t=2026-04-20T08:17:07.360909928Z level=info msg="Migration successfully executed" id="create org_user table v1" duration=582.212µs
grafana-1     | logger=migrator t=2026-04-20T08:17:07.364281155Z level=info msg="Executing migration" id="create index IDX_org_user_org_id - v1"
grafana-1     | logger=migrator t=2026-04-20T08:17:07.364620156Z level=info msg="Migration successfully executed" id="create index IDX_org_user_org_id - v1" duration=340.377µs
grafana-1     | logger=migrator t=2026-04-20T08:17:07.367935966Z level=info msg="Executing migration" id="create index UQE_org_user_org_id_user_id - v1"
grafana-1     | logger=migrator t=2026-04-20T08:17:07.368346426Z level=info msg="Migration successfully executed" id="create index UQE_org_user_org_id_user_id - v1" duration=411.502µs
grafana-1     | logger=migrator t=2026-04-20T08:17:07.371372651Z level=info msg="Executing migration" id="create index IDX_org_user_user_id - v1"
grafana-1     | logger=migrator t=2026-04-20T08:17:07.371653153Z level=info msg="Migration successfully executed" id="create index IDX_org_user_user_id - v1" duration=284.085µs
grafana-1     | logger=migrator t=2026-04-20T08:17:07.375054004Z level=info msg="Executing migration" id="Update org table charset"
grafana-1     | logger=migrator t=2026-04-20T08:17:07.375099296Z level=info msg="Migration successfully executed" id="Update org table charset" duration=46.584µs
grafana-1     | logger=migrator t=2026-04-20T08:17:07.378070396Z level=info msg="Executing migration" id="Update org_user table charset"
grafana-1     | logger=migrator t=2026-04-20T08:17:07.378100646Z level=info msg="Migration successfully executed" id="Update org_user table charset" duration=30.667µs
grafana-1     | logger=migrator t=2026-04-20T08:17:07.381927Z level=info msg="Executing migration" id="Migrate all Read Only Viewers to Viewers"
grafana-1     | logger=migrator t=2026-04-20T08:17:07.382047459Z level=info msg="Migration successfully executed" id="Migrate all Read Only Viewers to Viewers" duration=122.042µs
grafana-1     | logger=migrator t=2026-04-20T08:17:07.385907521Z level=info msg="Executing migration" id="create dashboard table"
grafana-1     | logger=migrator t=2026-04-20T08:17:07.386290148Z level=info msg="Migration successfully executed" id="create dashboard table" duration=382.169µs
grafana-1     | logger=migrator t=2026-04-20T08:17:07.391403884Z level=info msg="Executing migration" id="add index dashboard.account_id"
grafana-1     | logger=migrator t=2026-04-20T08:17:07.391632136Z level=info msg="Migration successfully executed" id="add index dashboard.account_id" duration=235.293µs
grafana-1     | logger=migrator t=2026-04-20T08:17:07.395411948Z level=info msg="Executing migration" id="add unique index dashboard_account_id_slug"
grafana-1     | logger=migrator t=2026-04-20T08:17:07.39559699Z level=info msg="Migration successfully executed" id="add unique index dashboard_account_id_slug" duration=185.584µs
grafana-1     | logger=migrator t=2026-04-20T08:17:07.399099009Z level=info msg="Executing migration" id="create dashboard_tag table"
grafana-1     | logger=migrator t=2026-04-20T08:17:07.399445845Z level=info msg="Migration successfully executed" id="create dashboard_tag table" duration=346.711µs
grafana-1     | logger=migrator t=2026-04-20T08:17:07.402548653Z level=info msg="Executing migration" id="add unique index dashboard_tag.dasboard_id_term"
grafana-1     | logger=migrator t=2026-04-20T08:17:07.402812279Z level=info msg="Migration successfully executed" id="add unique index dashboard_tag.dasboard_id_term" duration=264.835µs
grafana-1     | logger=migrator t=2026-04-20T08:17:07.405525752Z level=info msg="Executing migration" id="drop index UQE_dashboard_tag_dashboard_id_term - v1"
grafana-1     | logger=migrator t=2026-04-20T08:17:07.407606597Z level=info msg="Migration successfully executed" id="drop index UQE_dashboard_tag_dashboard_id_term - v1" duration=2.081762ms
grafana-1     | logger=migrator t=2026-04-20T08:17:07.412204622Z level=info msg="Executing migration" id="Rename table dashboard to dashboard_v1 - v1"
grafana-1     | logger=migrator t=2026-04-20T08:17:07.413016543Z level=info msg="Migration successfully executed" id="Rename table dashboard to dashboard_v1 - v1" duration=810.838µs
grafana-1     | logger=migrator t=2026-04-20T08:17:07.416160227Z level=info msg="Executing migration" id="create dashboard v2"
grafana-1     | logger=migrator t=2026-04-20T08:17:07.416504395Z level=info msg="Migration successfully executed" id="create dashboard v2" duration=344.585µs
grafana-1     | logger=migrator t=2026-04-20T08:17:07.419024034Z level=info msg="Executing migration" id="create index IDX_dashboard_org_id - v2"
grafana-1     | logger=migrator t=2026-04-20T08:17:07.419291243Z level=info msg="Migration successfully executed" id="create index IDX_dashboard_org_id - v2" duration=272.418µs
grafana-1     | logger=migrator t=2026-04-20T08:17:07.421034836Z level=info msg="Executing migration" id="create index UQE_dashboard_org_id_slug - v2"
grafana-1     | logger=migrator t=2026-04-20T08:17:07.421211837Z level=info msg="Migration successfully executed" id="create index UQE_dashboard_org_id_slug - v2" duration=177.168µs
grafana-1     | logger=migrator t=2026-04-20T08:17:07.423705351Z level=info msg="Executing migration" id="copy dashboard v1 to v2"
grafana-1     | logger=migrator t=2026-04-20T08:17:07.423857643Z level=info msg="Migration successfully executed" id="copy dashboard v1 to v2" duration=152.709µs
grafana-1     | logger=migrator t=2026-04-20T08:17:07.427391662Z level=info msg="Executing migration" id="drop table dashboard_v1"
grafana-1     | logger=migrator t=2026-04-20T08:17:07.42783079Z level=info msg="Migration successfully executed" id="drop table dashboard_v1" duration=436.252µs
grafana-1     | logger=migrator t=2026-04-20T08:17:07.431170433Z level=info msg="Executing migration" id="alter dashboard.data to mediumtext v1"
grafana-1     | logger=migrator t=2026-04-20T08:17:07.431196474Z level=info msg="Migration successfully executed" id="alter dashboard.data to mediumtext v1" duration=27.416µs
grafana-1     | logger=migrator t=2026-04-20T08:17:07.434502659Z level=info msg="Executing migration" id="Add column updated_by in dashboard - v2"
grafana-1     | logger=migrator t=2026-04-20T08:17:07.434948286Z level=info msg="Migration successfully executed" id="Add column updated_by in dashboard - v2" duration=445.96µs
grafana-1     | logger=migrator t=2026-04-20T08:17:07.437778093Z level=info msg="Executing migration" id="Add column created_by in dashboard - v2"
grafana-1     | logger=migrator t=2026-04-20T08:17:07.438167054Z level=info msg="Migration successfully executed" id="Add column created_by in dashboard - v2" duration=389.419µs
grafana-1     | logger=migrator t=2026-04-20T08:17:07.441363779Z level=info msg="Executing migration" id="Add column gnetId in dashboard"
grafana-1     | logger=migrator t=2026-04-20T08:17:07.441721948Z level=info msg="Migration successfully executed" id="Add column gnetId in dashboard" duration=358.96µs
grafana-1     | logger=migrator t=2026-04-20T08:17:07.445251009Z level=info msg="Executing migration" id="Add index for gnetId in dashboard"
grafana-1     | logger=migrator t=2026-04-20T08:17:07.445594219Z level=info msg="Migration successfully executed" id="Add index for gnetId in dashboard" duration=343.919µs
grafana-1     | logger=migrator t=2026-04-20T08:17:07.448777861Z level=info msg="Executing migration" id="Add column plugin_id in dashboard"
grafana-1     | logger=migrator t=2026-04-20T08:17:07.449192988Z level=info msg="Migration successfully executed" id="Add column plugin_id in dashboard" duration=416.294µs
grafana-1     | logger=migrator t=2026-04-20T08:17:07.451872045Z level=info msg="Executing migration" id="Add index for plugin_id in dashboard"
grafana-1     | logger=migrator t=2026-04-20T08:17:07.452075087Z level=info msg="Migration successfully executed" id="Add index for plugin_id in dashboard" duration=203.001µs
grafana-1     | logger=migrator t=2026-04-20T08:17:07.454689726Z level=info msg="Executing migration" id="Add index for dashboard_id in dashboard_tag"
grafana-1     | logger=migrator t=2026-04-20T08:17:07.454880561Z level=info msg="Migration successfully executed" id="Add index for dashboard_id in dashboard_tag" duration=191.543µs
grafana-1     | logger=migrator t=2026-04-20T08:17:07.457589409Z level=info msg="Executing migration" id="Update dashboard table charset"
grafana-1     | logger=migrator t=2026-04-20T08:17:07.457616992Z level=info msg="Migration successfully executed" id="Update dashboard table charset" duration=29.75µs
grafana-1     | logger=migrator t=2026-04-20T08:17:07.46277152Z level=info msg="Executing migration" id="Update dashboard_tag table charset"
grafana-1     | logger=migrator t=2026-04-20T08:17:07.462837354Z level=info msg="Migration successfully executed" id="Update dashboard_tag table charset" duration=67.458µs
grafana-1     | logger=migrator t=2026-04-20T08:17:07.465812328Z level=info msg="Executing migration" id="Add column folder_id in dashboard"
grafana-1     | logger=migrator t=2026-04-20T08:17:07.46636204Z level=info msg="Migration successfully executed" id="Add column folder_id in dashboard" duration=550.586µs
grafana-1     | logger=migrator t=2026-04-20T08:17:07.468680052Z level=info msg="Executing migration" id="Add column isFolder in dashboard"
grafana-1     | logger=migrator t=2026-04-20T08:17:07.469084388Z level=info msg="Migration successfully executed" id="Add column isFolder in dashboard" duration=404.669µs
grafana-1     | logger=migrator t=2026-04-20T08:17:07.472109487Z level=info msg="Executing migration" id="Add column has_acl in dashboard"
grafana-1     | logger=migrator t=2026-04-20T08:17:07.472497656Z level=info msg="Migration successfully executed" id="Add column has_acl in dashboard" duration=389.21µs
grafana-1     | logger=migrator t=2026-04-20T08:17:07.474772543Z level=info msg="Executing migration" id="Add column uid in dashboard"
grafana-1     | logger=migrator t=2026-04-20T08:17:07.475140462Z level=info msg="Migration successfully executed" id="Add column uid in dashboard" duration=369.085µs
grafana-1     | logger=migrator t=2026-04-20T08:17:07.47661347Z level=info msg="Executing migration" id="Update uid column values in dashboard"
grafana-1     | logger=migrator t=2026-04-20T08:17:07.476697429Z level=info msg="Migration successfully executed" id="Update uid column values in dashboard" duration=85.25µs
grafana-1     | logger=migrator t=2026-04-20T08:17:07.478472855Z level=info msg="Executing migration" id="Add unique index dashboard_org_id_uid"
grafana-1     | logger=migrator t=2026-04-20T08:17:07.478680523Z level=info msg="Migration successfully executed" id="Add unique index dashboard_org_id_uid" duration=196.835µs
grafana-1     | logger=migrator t=2026-04-20T08:17:07.48119987Z level=info msg="Executing migration" id="Remove unique index org_id_slug"
grafana-1     | logger=migrator t=2026-04-20T08:17:07.481459788Z level=info msg="Migration successfully executed" id="Remove unique index org_id_slug" duration=261.334µs
grafana-1     | logger=migrator t=2026-04-20T08:17:07.483571299Z level=info msg="Executing migration" id="Update dashboard title length"
grafana-1     | logger=migrator t=2026-04-20T08:17:07.483612591Z level=info msg="Migration successfully executed" id="Update dashboard title length" duration=41.917µs
grafana-1     | logger=migrator t=2026-04-20T08:17:07.486285522Z level=info msg="Executing migration" id="Add unique index for dashboard_org_id_title_folder_id"
grafana-1     | logger=migrator t=2026-04-20T08:17:07.48650544Z level=info msg="Migration successfully executed" id="Add unique index for dashboard_org_id_title_folder_id" duration=220.418µs
grafana-1     | logger=migrator t=2026-04-20T08:17:07.489177663Z level=info msg="Executing migration" id="create dashboard_provisioning"
grafana-1     | logger=migrator t=2026-04-20T08:17:07.489445789Z level=info msg="Migration successfully executed" id="create dashboard_provisioning" duration=268.21µs
grafana-1     | logger=migrator t=2026-04-20T08:17:07.49269439Z level=info msg="Executing migration" id="Rename table dashboard_provisioning to dashboard_provisioning_tmp_qwerty - v1"
grafana-1     | logger=migrator t=2026-04-20T08:17:07.493468644Z level=info msg="Migration successfully executed" id="Rename table dashboard_provisioning to dashboard_provisioning_tmp_qwerty - v1" duration=773.337µs
grafana-1     | logger=migrator t=2026-04-20T08:17:07.498966674Z level=info msg="Executing migration" id="create dashboard_provisioning v2"
grafana-1     | logger=migrator t=2026-04-20T08:17:07.499243217Z level=info msg="Migration successfully executed" id="create dashboard_provisioning v2" duration=278.252µs
grafana-1     | logger=migrator t=2026-04-20T08:17:07.50156673Z level=info msg="Executing migration" id="create index IDX_dashboard_provisioning_dashboard_id - v2"
grafana-1     | logger=migrator t=2026-04-20T08:17:07.501774439Z level=info msg="Migration successfully executed" id="create index IDX_dashboard_provisioning_dashboard_id - v2" duration=208.501µs
grafana-1     | logger=migrator t=2026-04-20T08:17:07.504002535Z level=info msg="Executing migration" id="create index IDX_dashboard_provisioning_dashboard_id_name - v2"
grafana-1     | logger=migrator t=2026-04-20T08:17:07.504266161Z level=info msg="Migration successfully executed" id="create index IDX_dashboard_provisioning_dashboard_id_name - v2" duration=261.835µs
grafana-1     | logger=migrator t=2026-04-20T08:17:07.506184171Z level=info msg="Executing migration" id="copy dashboard_provisioning v1 to v2"
grafana-1     | logger=migrator t=2026-04-20T08:17:07.506354797Z level=info msg="Migration successfully executed" id="copy dashboard_provisioning v1 to v2" duration=171.084µs
grafana-1     | logger=migrator t=2026-04-20T08:17:07.50842735Z level=info msg="Executing migration" id="drop dashboard_provisioning_tmp_qwerty"
grafana-1     | logger=migrator t=2026-04-20T08:17:07.508570976Z level=info msg="Migration successfully executed" id="drop dashboard_provisioning_tmp_qwerty" duration=146.751µs
grafana-1     | logger=migrator t=2026-04-20T08:17:07.514906427Z level=info msg="Executing migration" id="Add check_sum column"
grafana-1     | logger=migrator t=2026-04-20T08:17:07.51576789Z level=info msg="Migration successfully executed" id="Add check_sum column" duration=861.213µs
grafana-1     | logger=migrator t=2026-04-20T08:17:07.519757245Z level=info msg="Executing migration" id="Add index for dashboard_title"
grafana-1     | logger=migrator t=2026-04-20T08:17:07.519993329Z level=info msg="Migration successfully executed" id="Add index for dashboard_title" duration=237.46µs
grafana-1     | logger=migrator t=2026-04-20T08:17:07.523562724Z level=info msg="Executing migration" id="delete tags for deleted dashboards"
grafana-1     | logger=migrator t=2026-04-20T08:17:07.523627516Z level=info msg="Migration successfully executed" id="delete tags for deleted dashboards" duration=65.667µs
grafana-1     | logger=migrator t=2026-04-20T08:17:07.526089946Z level=info msg="Executing migration" id="delete stars for deleted dashboards"
grafana-1     | logger=migrator t=2026-04-20T08:17:07.526156154Z level=info msg="Migration successfully executed" id="delete stars for deleted dashboards" duration=67.084µs
grafana-1     | logger=migrator t=2026-04-20T08:17:07.529847716Z level=info msg="Executing migration" id="Add index for dashboard_is_folder"
grafana-1     | logger=migrator t=2026-04-20T08:17:07.530059384Z level=info msg="Migration successfully executed" id="Add index for dashboard_is_folder" duration=212.043µs
grafana-1     | logger=migrator t=2026-04-20T08:17:07.534367532Z level=info msg="Executing migration" id="Add isPublic for dashboard"
grafana-1     | logger=migrator t=2026-04-20T08:17:07.534892452Z level=info msg="Migration successfully executed" id="Add isPublic for dashboard" duration=532.461µs
grafana-1     | logger=migrator t=2026-04-20T08:17:07.537245048Z level=info msg="Executing migration" id="Add deleted for dashboard"
grafana-1     | logger=migrator t=2026-04-20T08:17:07.5377613Z level=info msg="Migration successfully executed" id="Add deleted for dashboard" duration=516.878µs
grafana-1     | logger=migrator t=2026-04-20T08:17:07.539485935Z level=info msg="Executing migration" id="Add index for deleted"
grafana-1     | logger=migrator t=2026-04-20T08:17:07.539767311Z level=info msg="Migration successfully executed" id="Add index for deleted" duration=282.002µs
grafana-1     | logger=migrator t=2026-04-20T08:17:07.543664457Z level=info msg="Executing migration" id="Add column dashboard_uid in dashboard_tag"
grafana-1     | logger=migrator t=2026-04-20T08:17:07.544148543Z level=info msg="Migration successfully executed" id="Add column dashboard_uid in dashboard_tag" duration=485.211µs
grafana-1     | logger=migrator t=2026-04-20T08:17:07.550572495Z level=info msg="Executing migration" id="Add column org_id in dashboard_tag"
grafana-1     | logger=migrator t=2026-04-20T08:17:07.551034914Z level=info msg="Migration successfully executed" id="Add column org_id in dashboard_tag" duration=463.169µs
grafana-1     | logger=migrator t=2026-04-20T08:17:07.55441939Z level=info msg="Executing migration" id="Add missing dashboard_uid and org_id to dashboard_tag"
grafana-1     | logger=migrator t=2026-04-20T08:17:07.554529558Z level=info msg="Migration successfully executed" id="Add missing dashboard_uid and org_id to dashboard_tag" duration=111.084µs
grafana-1     | logger=migrator t=2026-04-20T08:17:07.557057446Z level=info msg="Executing migration" id="Add apiVersion for dashboard"
grafana-1     | logger=migrator t=2026-04-20T08:17:07.557515032Z level=info msg="Migration successfully executed" id="Add apiVersion for dashboard" duration=458.128µs
grafana-1     | logger=migrator t=2026-04-20T08:17:07.561020384Z level=info msg="Executing migration" id="Add index for dashboard_uid on dashboard_tag table"
grafana-1     | logger=migrator t=2026-04-20T08:17:07.561281677Z level=info msg="Migration successfully executed" id="Add index for dashboard_uid on dashboard_tag table" duration=262.418µs
grafana-1     | logger=migrator t=2026-04-20T08:17:07.564062651Z level=info msg="Executing migration" id="Add missing dashboard_uid and org_id to star"
grafana-1     | logger=migrator t=2026-04-20T08:17:07.564640737Z level=info msg="Migration successfully executed" id="Add missing dashboard_uid and org_id to star" duration=579.295µs
grafana-1     | logger=migrator t=2026-04-20T08:17:07.568797426Z level=info msg="Executing migration" id="create data_source table"
grafana-1     | logger=migrator t=2026-04-20T08:17:07.569041261Z level=info msg="Migration successfully executed" id="create data_source table" duration=245.335µs
grafana-1     | logger=migrator t=2026-04-20T08:17:07.572872698Z level=info msg="Executing migration" id="add index data_source.account_id"
grafana-1     | logger=migrator t=2026-04-20T08:17:07.57312845Z level=info msg="Migration successfully executed" id="add index data_source.account_id" duration=256.459µs
grafana-1     | logger=migrator t=2026-04-20T08:17:07.576527677Z level=info msg="Executing migration" id="add unique index data_source.account_id_name"
grafana-1     | logger=migrator t=2026-04-20T08:17:07.576805178Z level=info msg="Migration successfully executed" id="add unique index data_source.account_id_name" duration=278.376µs
grafana-1     | logger=migrator t=2026-04-20T08:17:07.579393234Z level=info msg="Executing migration" id="drop index IDX_data_source_account_id - v1"
grafana-1     | logger=migrator t=2026-04-20T08:17:07.579599193Z level=info msg="Migration successfully executed" id="drop index IDX_data_source_account_id - v1" duration=206.001µs
grafana-1     | logger=migrator t=2026-04-20T08:17:07.581543579Z level=info msg="Executing migration" id="drop index UQE_data_source_account_id_name - v1"
grafana-1     | logger=migrator t=2026-04-20T08:17:07.58180383Z level=info msg="Migration successfully executed" id="drop index UQE_data_source_account_id_name - v1" duration=258.71µs
grafana-1     | logger=migrator t=2026-04-20T08:17:07.584774304Z level=info msg="Executing migration" id="Rename table data_source to data_source_v1 - v1"
grafana-1     | logger=migrator t=2026-04-20T08:17:07.585590809Z level=info msg="Migration successfully executed" id="Rename table data_source to data_source_v1 - v1" duration=816.297µs
grafana-1     | logger=migrator t=2026-04-20T08:17:07.58728011Z level=info msg="Executing migration" id="create data_source table v2"
grafana-1     | logger=migrator t=2026-04-20T08:17:07.587508653Z level=info msg="Migration successfully executed" id="create data_source table v2" duration=228.835µs
grafana-1     | logger=migrator t=2026-04-20T08:17:07.588913327Z level=info msg="Executing migration" id="create index IDX_data_source_org_id - v2"
grafana-1     | logger=migrator t=2026-04-20T08:17:07.589038786Z level=info msg="Migration successfully executed" id="create index IDX_data_source_org_id - v2" duration=125.626µs
grafana-1     | logger=migrator t=2026-04-20T08:17:07.590892837Z level=info msg="Executing migration" id="create index UQE_data_source_org_id_name - v2"
grafana-1     | logger=migrator t=2026-04-20T08:17:07.591242839Z level=info msg="Migration successfully executed" id="create index UQE_data_source_org_id_name - v2" duration=351.211µs
grafana-1     | logger=migrator t=2026-04-20T08:17:07.593821062Z level=info msg="Executing migration" id="Drop old table data_source_v1 #2"
grafana-1     | logger=migrator t=2026-04-20T08:17:07.593978188Z level=info msg="Migration successfully executed" id="Drop old table data_source_v1 #2" duration=157.584µs
grafana-1     | logger=migrator t=2026-04-20T08:17:07.596320242Z level=info msg="Executing migration" id="Add column with_credentials"
grafana-1     | logger=migrator t=2026-04-20T08:17:07.596769703Z level=info msg="Migration successfully executed" id="Add column with_credentials" duration=450.128µs
grafana-1     | logger=migrator t=2026-04-20T08:17:07.599794844Z level=info msg="Executing migration" id="Add secure json data column"
grafana-1     | logger=migrator t=2026-04-20T08:17:07.600238805Z level=info msg="Migration successfully executed" id="Add secure json data column" duration=449.835µs
grafana-1     | logger=migrator t=2026-04-20T08:17:07.602600526Z level=info msg="Executing migration" id="Update data_source table charset"
grafana-1     | logger=migrator t=2026-04-20T08:17:07.602621901Z level=info msg="Migration successfully executed" id="Update data_source table charset" duration=22.834µs
grafana-1     | logger=migrator t=2026-04-20T08:17:07.605603625Z level=info msg="Executing migration" id="Update initial version to 1"
grafana-1     | logger=migrator t=2026-04-20T08:17:07.605683751Z level=info msg="Migration successfully executed" id="Update initial version to 1" duration=80.584µs
grafana-1     | logger=migrator t=2026-04-20T08:17:07.608057805Z level=info msg="Executing migration" id="Add read_only data column"
grafana-1     | logger=migrator t=2026-04-20T08:17:07.608489599Z level=info msg="Migration successfully executed" id="Add read_only data column" duration=432.336µs
grafana-1     | logger=migrator t=2026-04-20T08:17:07.613200541Z level=info msg="Executing migration" id="Migrate logging ds to loki ds"
grafana-1     | logger=migrator t=2026-04-20T08:17:07.6132725Z level=info msg="Migration successfully executed" id="Migrate logging ds to loki ds" duration=73.292µs
grafana-1     | logger=migrator t=2026-04-20T08:17:07.615826306Z level=info msg="Executing migration" id="Update json_data with nulls"
grafana-1     | logger=migrator t=2026-04-20T08:17:07.615886514Z level=info msg="Migration successfully executed" id="Update json_data with nulls" duration=61.042µs
grafana-1     | logger=migrator t=2026-04-20T08:17:07.618065901Z level=info msg="Executing migration" id="Add uid column"
grafana-1     | logger=migrator t=2026-04-20T08:17:07.618482737Z level=info msg="Migration successfully executed" id="Add uid column" duration=413.335µs
grafana-1     | logger=migrator t=2026-04-20T08:17:07.623585223Z level=info msg="Executing migration" id="Update uid value"
grafana-1     | logger=migrator t=2026-04-20T08:17:07.623707181Z level=info msg="Migration successfully executed" id="Update uid value" duration=122.793µs
grafana-1     | logger=migrator t=2026-04-20T08:17:07.626706906Z level=info msg="Executing migration" id="Add unique index datasource_org_id_uid"
grafana-1     | logger=migrator t=2026-04-20T08:17:07.627209325Z level=info msg="Migration successfully executed" id="Add unique index datasource_org_id_uid" duration=507.544µs
grafana-1     | logger=migrator t=2026-04-20T08:17:07.630050257Z level=info msg="Executing migration" id="add unique index datasource_org_id_is_default"
grafana-1     | logger=migrator t=2026-04-20T08:17:07.630371759Z level=info msg="Migration successfully executed" id="add unique index datasource_org_id_is_default" duration=322.46µs
grafana-1     | logger=migrator t=2026-04-20T08:17:07.631802017Z level=info msg="Executing migration" id="Add is_prunable column"
grafana-1     | logger=migrator t=2026-04-20T08:17:07.632265686Z level=info msg="Migration successfully executed" id="Add is_prunable column" duration=464.544µs
grafana-1     | logger=migrator t=2026-04-20T08:17:07.63351686Z level=info msg="Executing migration" id="Add api_version column"
grafana-1     | logger=migrator t=2026-04-20T08:17:07.633904153Z level=info msg="Migration successfully executed" id="Add api_version column" duration=387.419µs
grafana-1     | logger=migrator t=2026-04-20T08:17:07.63536937Z level=info msg="Executing migration" id="Update secure_json_data column to MediumText"
grafana-1     | logger=migrator t=2026-04-20T08:17:07.635422953Z level=info msg="Migration successfully executed" id="Update secure_json_data column to MediumText" duration=24.958µs
grafana-1     | logger=migrator t=2026-04-20T08:17:07.636905169Z level=info msg="Executing migration" id="Update json_data column to MediumText"
grafana-1     | logger=migrator t=2026-04-20T08:17:07.636949711Z level=info msg="Migration successfully executed" id="Update json_data column to MediumText" duration=49.75µs
grafana-1     | logger=migrator t=2026-04-20T08:17:07.640400105Z level=info msg="Executing migration" id="create api_key table"
grafana-1     | logger=migrator t=2026-04-20T08:17:07.640579064Z level=info msg="Migration successfully executed" id="create api_key table" duration=180.126µs
grafana-1     | logger=migrator t=2026-04-20T08:17:07.642921202Z level=info msg="Executing migration" id="add index api_key.account_id"
grafana-1     | logger=migrator t=2026-04-20T08:17:07.64314137Z level=info msg="Migration successfully executed" id="add index api_key.account_id" duration=221.543µs
grafana-1     | logger=migrator t=2026-04-20T08:17:07.644684087Z level=info msg="Executing migration" id="add index api_key.key"
grafana-1     | logger=migrator t=2026-04-20T08:17:07.644948338Z level=info msg="Migration successfully executed" id="add index api_key.key" duration=265.459µs
grafana-1     | logger=migrator t=2026-04-20T08:17:07.646556555Z level=info msg="Executing migration" id="add index api_key.account_id_name"
grafana-1     | logger=migrator t=2026-04-20T08:17:07.64680764Z level=info msg="Migration successfully executed" id="add index api_key.account_id_name" duration=251.543µs
grafana-1     | logger=migrator t=2026-04-20T08:17:07.648479565Z level=info msg="Executing migration" id="drop index IDX_api_key_account_id - v1"
grafana-1     | logger=migrator t=2026-04-20T08:17:07.648735192Z level=info msg="Migration successfully executed" id="drop index IDX_api_key_account_id - v1" duration=255.959µs
grafana-1     | logger=migrator t=2026-04-20T08:17:07.649861198Z level=info msg="Executing migration" id="drop index UQE_api_key_key - v1"
grafana-1     | logger=migrator t=2026-04-20T08:17:07.650031949Z level=info msg="Migration successfully executed" id="drop index UQE_api_key_key - v1" duration=170.584µs
grafana-1     | logger=migrator t=2026-04-20T08:17:07.651650874Z level=info msg="Executing migration" id="drop index UQE_api_key_account_id_name - v1"
grafana-1     | logger=migrator t=2026-04-20T08:17:07.651911376Z level=info msg="Migration successfully executed" id="drop index UQE_api_key_account_id_name - v1" duration=258.293µs
grafana-1     | logger=migrator t=2026-04-20T08:17:07.653846178Z level=info msg="Executing migration" id="Rename table api_key to api_key_v1 - v1"
grafana-1     | logger=migrator t=2026-04-20T08:17:07.654907683Z level=info msg="Migration successfully executed" id="Rename table api_key to api_key_v1 - v1" duration=1.061964ms
grafana-1     | logger=migrator t=2026-04-20T08:17:07.65665161Z level=info msg="Executing migration" id="create api_key table v2"
grafana-1     | logger=migrator t=2026-04-20T08:17:07.656846861Z level=info msg="Migration successfully executed" id="create api_key table v2" duration=196.043µs
grafana-1     | logger=migrator t=2026-04-20T08:17:07.658701162Z level=info msg="Executing migration" id="create index IDX_api_key_org_id - v2"
grafana-1     | logger=migrator t=2026-04-20T08:17:07.658910163Z level=info msg="Migration successfully executed" id="create index IDX_api_key_org_id - v2" duration=210.418µs
grafana-1     | logger=migrator t=2026-04-20T08:17:07.66294756Z level=info msg="Executing migration" id="create index UQE_api_key_key - v2"
grafana-1     | logger=migrator t=2026-04-20T08:17:07.66314527Z level=info msg="Migration successfully executed" id="create index UQE_api_key_key - v2" duration=198.751µs
grafana-1     | logger=migrator t=2026-04-20T08:17:07.665611616Z level=info msg="Executing migration" id="create index UQE_api_key_org_id_name - v2"
grafana-1     | logger=migrator t=2026-04-20T08:17:07.665915785Z level=info msg="Migration successfully executed" id="create index UQE_api_key_org_id_name - v2" duration=305.585µs
grafana-1     | logger=migrator t=2026-04-20T08:17:07.668881009Z level=info msg="Executing migration" id="copy api_key v1 to v2"
grafana-1     | logger=migrator t=2026-04-20T08:17:07.669110594Z level=info msg="Migration successfully executed" id="copy api_key v1 to v2" duration=230.043µs
grafana-1     | logger=migrator t=2026-04-20T08:17:07.671387689Z level=info msg="Executing migration" id="Drop old table api_key_v1"
grafana-1     | logger=migrator t=2026-04-20T08:17:07.671624149Z level=info msg="Migration successfully executed" id="Drop old table api_key_v1" duration=235.71µs
grafana-1     | logger=migrator t=2026-04-20T08:17:07.673852994Z level=info msg="Executing migration" id="Update api_key table charset"
grafana-1     | logger=migrator t=2026-04-20T08:17:07.673871744Z level=info msg="Migration successfully executed" id="Update api_key table charset" duration=20.167µs
grafana-1     | logger=migrator t=2026-04-20T08:17:07.67587338Z level=info msg="Executing migration" id="Add expires to api_key table"
grafana-1     | logger=migrator t=2026-04-20T08:17:07.676478092Z level=info msg="Migration successfully executed" id="Add expires to api_key table" duration=605.129µs
grafana-1     | logger=migrator t=2026-04-20T08:17:07.679478441Z level=info msg="Executing migration" id="Add service account foreign key"
grafana-1     | logger=migrator t=2026-04-20T08:17:07.679938902Z level=info msg="Migration successfully executed" id="Add service account foreign key" duration=450.252µs
grafana-1     | logger=migrator t=2026-04-20T08:17:07.683137003Z level=info msg="Executing migration" id="set service account foreign key to nil if 0"
grafana-1     | logger=migrator t=2026-04-20T08:17:07.683225836Z level=info msg="Migration successfully executed" id="set service account foreign key to nil if 0" duration=90.125µs
grafana-1     | logger=migrator t=2026-04-20T08:17:07.684650261Z level=info msg="Executing migration" id="Add last_used_at to api_key table"
grafana-1     | logger=migrator t=2026-04-20T08:17:07.685014471Z level=info msg="Migration successfully executed" id="Add last_used_at to api_key table" duration=364.46µs
grafana-1     | logger=migrator t=2026-04-20T08:17:07.686510021Z level=info msg="Executing migration" id="Add is_revoked column to api_key table"
grafana-1     | logger=migrator t=2026-04-20T08:17:07.686863356Z level=info msg="Migration successfully executed" id="Add is_revoked column to api_key table" duration=353.71µs
grafana-1     | logger=migrator t=2026-04-20T08:17:07.689584663Z level=info msg="Executing migration" id="create dashboard_snapshot table v4"
grafana-1     | logger=migrator t=2026-04-20T08:17:07.689842622Z level=info msg="Migration successfully executed" id="create dashboard_snapshot table v4" duration=256.459µs
grafana-1     | logger=migrator t=2026-04-20T08:17:07.691852716Z level=info msg="Executing migration" id="drop table dashboard_snapshot_v4 #1"
grafana-1     | logger=migrator t=2026-04-20T08:17:07.692015259Z level=info msg="Migration successfully executed" id="drop table dashboard_snapshot_v4 #1" duration=162.709µs
grafana-1     | logger=migrator t=2026-04-20T08:17:07.694876108Z level=info msg="Executing migration" id="create dashboard_snapshot table v5 #2"
grafana-1     | logger=migrator t=2026-04-20T08:17:07.695062609Z level=info msg="Migration successfully executed" id="create dashboard_snapshot table v5 #2" duration=187.959µs
grafana-1     | logger=migrator t=2026-04-20T08:17:07.698047667Z level=info msg="Executing migration" id="create index UQE_dashboard_snapshot_key - v5"
grafana-1     | logger=migrator t=2026-04-20T08:17:07.698339543Z level=info msg="Migration successfully executed" id="create index UQE_dashboard_snapshot_key - v5" duration=287.252µs
grafana-1     | logger=migrator t=2026-04-20T08:17:07.700571014Z level=info msg="Executing migration" id="create index UQE_dashboard_snapshot_delete_key - v5"
grafana-1     | logger=migrator t=2026-04-20T08:17:07.700817057Z level=info msg="Migration successfully executed" id="create index UQE_dashboard_snapshot_delete_key - v5" duration=246.502µs
grafana-1     | logger=migrator t=2026-04-20T08:17:07.703336362Z level=info msg="Executing migration" id="create index IDX_dashboard_snapshot_user_id - v5"
grafana-1     | logger=migrator t=2026-04-20T08:17:07.703564613Z level=info msg="Migration successfully executed" id="create index IDX_dashboard_snapshot_user_id - v5" duration=228.293µs
grafana-1     | logger=migrator t=2026-04-20T08:17:07.707272258Z level=info msg="Executing migration" id="alter dashboard_snapshot to mediumtext v2"
grafana-1     | logger=migrator t=2026-04-20T08:17:07.707285258Z level=info msg="Migration successfully executed" id="alter dashboard_snapshot to mediumtext v2" duration=14.334µs
grafana-1     | logger=migrator t=2026-04-20T08:17:07.709922731Z level=info msg="Executing migration" id="Update dashboard_snapshot table charset"
grafana-1     | logger=migrator t=2026-04-20T08:17:07.709943939Z level=info msg="Migration successfully executed" id="Update dashboard_snapshot table charset" duration=26.001µs
grafana-1     | logger=migrator t=2026-04-20T08:17:07.715063175Z level=info msg="Executing migration" id="Add column external_delete_url to dashboard_snapshots table"
grafana-1     | logger=migrator t=2026-04-20T08:17:07.715543386Z level=info msg="Migration successfully executed" id="Add column external_delete_url to dashboard_snapshots table" duration=481.336µs
grafana-1     | logger=migrator t=2026-04-20T08:17:07.718948613Z level=info msg="Executing migration" id="Add encrypted dashboard json column"
grafana-1     | logger=migrator t=2026-04-20T08:17:07.719942035Z level=info msg="Migration successfully executed" id="Add encrypted dashboard json column" duration=992.714µs
grafana-1     | logger=migrator t=2026-04-20T08:17:07.722221256Z level=info msg="Executing migration" id="Change dashboard_encrypted column to MEDIUMBLOB"
grafana-1     | logger=migrator t=2026-04-20T08:17:07.722259922Z level=info msg="Migration successfully executed" id="Change dashboard_encrypted column to MEDIUMBLOB" duration=39.5µs
grafana-1     | logger=migrator t=2026-04-20T08:17:07.723763097Z level=info msg="Executing migration" id="create quota table v1"
grafana-1     | logger=migrator t=2026-04-20T08:17:07.723951557Z level=info msg="Migration successfully executed" id="create quota table v1" duration=188.918µs
grafana-1     | logger=migrator t=2026-04-20T08:17:07.728458664Z level=info msg="Executing migration" id="create index UQE_quota_org_id_user_id_target - v1"
grafana-1     | logger=migrator t=2026-04-20T08:17:07.728700124Z level=info msg="Migration successfully executed" id="create index UQE_quota_org_id_user_id_target - v1" duration=242.043µs
grafana-1     | logger=migrator t=2026-04-20T08:17:07.732420811Z level=info msg="Executing migration" id="Update quota table charset"
grafana-1     | logger=migrator t=2026-04-20T08:17:07.732465103Z level=info msg="Migration successfully executed" id="Update quota table charset" duration=45.209µs
grafana-1     | logger=migrator t=2026-04-20T08:17:07.735395827Z level=info msg="Executing migration" id="create plugin_setting table"
grafana-1     | logger=migrator t=2026-04-20T08:17:07.73568487Z level=info msg="Migration successfully executed" id="create plugin_setting table" duration=291.043µs
grafana-1     | logger=migrator t=2026-04-20T08:17:07.740504938Z level=info msg="Executing migration" id="create index UQE_plugin_setting_org_id_plugin_id - v1"
grafana-1     | logger=migrator t=2026-04-20T08:17:07.740778939Z level=info msg="Migration successfully executed" id="create index UQE_plugin_setting_org_id_plugin_id - v1" duration=276.127µs
grafana-1     | logger=migrator t=2026-04-20T08:17:07.74367758Z level=info msg="Executing migration" id="Add column plugin_version to plugin_settings"
grafana-1     | logger=migrator t=2026-04-20T08:17:07.74469021Z level=info msg="Migration successfully executed" id="Add column plugin_version to plugin_settings" duration=1.014339ms
grafana-1     | logger=migrator t=2026-04-20T08:17:07.746563804Z level=info msg="Executing migration" id="Update plugin_setting table charset"
grafana-1     | logger=migrator t=2026-04-20T08:17:07.746583054Z level=info msg="Migration successfully executed" id="Update plugin_setting table charset" duration=20.667µs
grafana-1     | logger=migrator t=2026-04-20T08:17:07.748384897Z level=info msg="Executing migration" id="update NULL org_id to 1"
grafana-1     | logger=migrator t=2026-04-20T08:17:07.748522106Z level=info msg="Migration successfully executed" id="update NULL org_id to 1" duration=138.459µs
grafana-1     | logger=migrator t=2026-04-20T08:17:07.750632201Z level=info msg="Executing migration" id="make org_id NOT NULL and DEFAULT VALUE 1"
grafana-1     | logger=migrator t=2026-04-20T08:17:07.75256167Z level=info msg="Migration successfully executed" id="make org_id NOT NULL and DEFAULT VALUE 1" duration=1.929094ms
grafana-1     | logger=migrator t=2026-04-20T08:17:07.754049219Z level=info msg="Executing migration" id="create session table"
grafana-1     | logger=migrator t=2026-04-20T08:17:07.754351929Z level=info msg="Migration successfully executed" id="create session table" duration=303.293µs
grafana-1     | logger=migrator t=2026-04-20T08:17:07.756115064Z level=info msg="Executing migration" id="drop preferences table v2"
grafana-1     | logger=migrator t=2026-04-20T08:17:07.756194939Z level=info msg="Migration successfully executed" id="drop preferences table v2" duration=80.625µs
grafana-1     | logger=migrator t=2026-04-20T08:17:07.75756478Z level=info msg="Executing migration" id="drop preferences table v3"
grafana-1     | logger=migrator t=2026-04-20T08:17:07.757631364Z level=info msg="Migration successfully executed" id="drop preferences table v3" duration=67.667µs
grafana-1     | logger=migrator t=2026-04-20T08:17:07.762433181Z level=info msg="Executing migration" id="create preferences table v3"
grafana-1     | logger=migrator t=2026-04-20T08:17:07.762769308Z level=info msg="Migration successfully executed" id="create preferences table v3" duration=337.794µs
grafana-1     | logger=migrator t=2026-04-20T08:17:07.765724824Z level=info msg="Executing migration" id="Update preferences table charset"
grafana-1     | logger=migrator t=2026-04-20T08:17:07.765770699Z level=info msg="Migration successfully executed" id="Update preferences table charset" duration=47.209µs
grafana-1     | logger=migrator t=2026-04-20T08:17:07.767624543Z level=info msg="Executing migration" id="Add column team_id in preferences"
grafana-1     | logger=migrator t=2026-04-20T08:17:07.768373797Z level=info msg="Migration successfully executed" id="Add column team_id in preferences" duration=749.463µs
grafana-1     | logger=migrator t=2026-04-20T08:17:07.771742148Z level=info msg="Executing migration" id="Update team_id column values in preferences"
grafana-1     | logger=migrator t=2026-04-20T08:17:07.771806565Z level=info msg="Migration successfully executed" id="Update team_id column values in preferences" duration=65.959µs
grafana-1     | logger=migrator t=2026-04-20T08:17:07.773794534Z level=info msg="Executing migration" id="Add column week_start in preferences"
grafana-1     | logger=migrator t=2026-04-20T08:17:07.774392329Z level=info msg="Migration successfully executed" id="Add column week_start in preferences" duration=597.795µs
grafana-1     | logger=migrator t=2026-04-20T08:17:07.775713295Z level=info msg="Executing migration" id="Add column preferences.json_data"
grafana-1     | logger=migrator t=2026-04-20T08:17:07.776220297Z level=info msg="Migration successfully executed" id="Add column preferences.json_data" duration=508.003µs
grafana-1     | logger=migrator t=2026-04-20T08:17:07.777455387Z level=info msg="Executing migration" id="alter preferences.json_data to mediumtext v1"
grafana-1     | logger=migrator t=2026-04-20T08:17:07.777464596Z level=info msg="Migration successfully executed" id="alter preferences.json_data to mediumtext v1" duration=9.583µs
grafana-1     | logger=migrator t=2026-04-20T08:17:07.779109021Z level=info msg="Executing migration" id="Add preferences index org_id"
grafana-1     | logger=migrator t=2026-04-20T08:17:07.779252689Z level=info msg="Migration successfully executed" id="Add preferences index org_id" duration=143.917µs
grafana-1     | logger=migrator t=2026-04-20T08:17:07.780703822Z level=info msg="Executing migration" id="Add preferences index user_id"
grafana-1     | logger=migrator t=2026-04-20T08:17:07.780942615Z level=info msg="Migration successfully executed" id="Add preferences index user_id" duration=239.418µs
grafana-1     | logger=migrator t=2026-04-20T08:17:07.784127507Z level=info msg="Executing migration" id="Add home_dashboard_uid column to preferences table"
grafana-1     | logger=migrator t=2026-04-20T08:17:07.784688843Z level=info msg="Migration successfully executed" id="Add home_dashboard_uid column to preferences table" duration=569.212µs
grafana-1     | logger=migrator t=2026-04-20T08:17:07.786485103Z level=info msg="Executing migration" id="Add missing dashboard_uid to preferences table"
grafana-1     | logger=migrator t=2026-04-20T08:17:07.786558603Z level=info msg="Migration successfully executed" id="Add missing dashboard_uid to preferences table" duration=71.708µs
grafana-1     | logger=migrator t=2026-04-20T08:17:07.7889902Z level=info msg="Executing migration" id="create alert table v1"
grafana-1     | logger=migrator t=2026-04-20T08:17:07.789196618Z level=info msg="Migration successfully executed" id="create alert table v1" duration=207.001µs
grafana-1     | logger=migrator t=2026-04-20T08:17:07.790997836Z level=info msg="Executing migration" id="add index alert org_id & id "
grafana-1     | logger=migrator t=2026-04-20T08:17:07.791181003Z level=info msg="Migration successfully executed" id="add index alert org_id & id " duration=183.376µs
grafana-1     | logger=migrator t=2026-04-20T08:17:07.79340239Z level=info msg="Executing migration" id="add index alert state"
grafana-1     | logger=migrator t=2026-04-20T08:17:07.79360385Z level=info msg="Migration successfully executed" id="add index alert state" duration=202.001µs
grafana-1     | logger=migrator t=2026-04-20T08:17:07.794813648Z level=info msg="Executing migration" id="add index alert dashboard_id"
grafana-1     | logger=migrator t=2026-04-20T08:17:07.795042024Z level=info msg="Migration successfully executed" id="add index alert dashboard_id" duration=229.085µs
grafana-1     | logger=migrator t=2026-04-20T08:17:07.796866284Z level=info msg="Executing migration" id="Create alert_rule_tag table v1"
grafana-1     | logger=migrator t=2026-04-20T08:17:07.797033535Z level=info msg="Migration successfully executed" id="Create alert_rule_tag table v1" duration=167.46µs
grafana-1     | logger=migrator t=2026-04-20T08:17:07.801406892Z level=info msg="Executing migration" id="Add unique index alert_rule_tag.alert_id_tag_id"
grafana-1     | logger=migrator t=2026-04-20T08:17:07.801655685Z level=info msg="Migration successfully executed" id="Add unique index alert_rule_tag.alert_id_tag_id" duration=249.71µs
grafana-1     | logger=migrator t=2026-04-20T08:17:07.803606445Z level=info msg="Executing migration" id="drop index UQE_alert_rule_tag_alert_id_tag_id - v1"
grafana-1     | logger=migrator t=2026-04-20T08:17:07.803805613Z level=info msg="Migration successfully executed" id="drop index UQE_alert_rule_tag_alert_id_tag_id - v1" duration=200.501µs
grafana-1     | logger=migrator t=2026-04-20T08:17:07.805360205Z level=info msg="Executing migration" id="Rename table alert_rule_tag to alert_rule_tag_v1 - v1"
grafana-1     | logger=migrator t=2026-04-20T08:17:07.806552211Z level=info msg="Migration successfully executed" id="Rename table alert_rule_tag to alert_rule_tag_v1 - v1" duration=1.191965ms
grafana-1     | logger=migrator t=2026-04-20T08:17:07.809075892Z level=info msg="Executing migration" id="Create alert_rule_tag table v2"
grafana-1     | logger=migrator t=2026-04-20T08:17:07.809218559Z level=info msg="Migration successfully executed" id="Create alert_rule_tag table v2" duration=142.959µs
grafana-1     | logger=migrator t=2026-04-20T08:17:07.812820204Z level=info msg="Executing migration" id="create index UQE_alert_rule_tag_alert_id_tag_id - Add unique index alert_rule_tag.alert_id_tag_id V2"
grafana-1     | logger=migrator t=2026-04-20T08:17:07.813091622Z level=info msg="Migration successfully executed" id="create index UQE_alert_rule_tag_alert_id_tag_id - Add unique index alert_rule_tag.alert_id_tag_id V2" duration=271.627µs
grafana-1     | logger=migrator t=2026-04-20T08:17:07.815521843Z level=info msg="Executing migration" id="copy alert_rule_tag v1 to v2"
grafana-1     | logger=migrator t=2026-04-20T08:17:07.815678302Z level=info msg="Migration successfully executed" id="copy alert_rule_tag v1 to v2" duration=157.668µs
grafana-1     | logger=migrator t=2026-04-20T08:17:07.817995815Z level=info msg="Executing migration" id="drop table alert_rule_tag_v1"
grafana-1     | logger=migrator t=2026-04-20T08:17:07.818197649Z level=info msg="Migration successfully executed" id="drop table alert_rule_tag_v1" duration=201.918µs
grafana-1     | logger=migrator t=2026-04-20T08:17:07.820005451Z level=info msg="Executing migration" id="create alert_notification table v1"
grafana-1     | logger=migrator t=2026-04-20T08:17:07.820161785Z level=info msg="Migration successfully executed" id="create alert_notification table v1" duration=161.501µs
grafana-1     | logger=migrator t=2026-04-20T08:17:07.822896175Z level=info msg="Executing migration" id="Add column is_default"
grafana-1     | logger=migrator t=2026-04-20T08:17:07.823706262Z level=info msg="Migration successfully executed" id="Add column is_default" duration=809.879µs
grafana-1     | logger=migrator t=2026-04-20T08:17:07.827392157Z level=info msg="Executing migration" id="Add column frequency"
grafana-1     | logger=migrator t=2026-04-20T08:17:07.827950077Z level=info msg="Migration successfully executed" id="Add column frequency" duration=559.211µs
grafana-1     | logger=migrator t=2026-04-20T08:17:07.8306463Z level=info msg="Executing migration" id="Add column send_reminder"
grafana-1     | logger=migrator t=2026-04-20T08:17:07.831194594Z level=info msg="Migration successfully executed" id="Add column send_reminder" duration=549.086µs
grafana-1     | logger=migrator t=2026-04-20T08:17:07.833259689Z level=info msg="Executing migration" id="Add column disable_resolve_message"
grafana-1     | logger=migrator t=2026-04-20T08:17:07.833863901Z level=info msg="Migration successfully executed" id="Add column disable_resolve_message" duration=602.878µs
grafana-1     | logger=migrator t=2026-04-20T08:17:07.837056168Z level=info msg="Executing migration" id="add index alert_notification org_id & name"
grafana-1     | logger=migrator t=2026-04-20T08:17:07.837454712Z level=info msg="Migration successfully executed" id="add index alert_notification org_id & name" duration=398.752µs
grafana-1     | logger=migrator t=2026-04-20T08:17:07.841550234Z level=info msg="Executing migration" id="Update alert table charset"
grafana-1     | logger=migrator t=2026-04-20T08:17:07.841597817Z level=info msg="Migration successfully executed" id="Update alert table charset" duration=49.75µs
grafana-1     | logger=migrator t=2026-04-20T08:17:07.843726954Z level=info msg="Executing migration" id="Update alert_notification table charset"
grafana-1     | logger=migrator t=2026-04-20T08:17:07.843740246Z level=info msg="Migration successfully executed" id="Update alert_notification table charset" duration=14.25µs
grafana-1     | logger=migrator t=2026-04-20T08:17:07.847575266Z level=info msg="Executing migration" id="create notification_journal table v1"
grafana-1     | logger=migrator t=2026-04-20T08:17:07.847875601Z level=info msg="Migration successfully executed" id="create notification_journal table v1" duration=304.21µs
grafana-1     | logger=migrator t=2026-04-20T08:17:07.850523199Z level=info msg="Executing migration" id="add index notification_journal org_id & alert_id & notifier_id"
grafana-1     | logger=migrator t=2026-04-20T08:17:07.850871034Z level=info msg="Migration successfully executed" id="add index notification_journal org_id & alert_id & notifier_id" duration=346.418µs
grafana-1     | logger=migrator t=2026-04-20T08:17:07.853350964Z level=info msg="Executing migration" id="drop alert_notification_journal"
grafana-1     | logger=migrator t=2026-04-20T08:17:07.853667383Z level=info msg="Migration successfully executed" id="drop alert_notification_journal" duration=317.126µs
grafana-1     | logger=migrator t=2026-04-20T08:17:07.857127151Z level=info msg="Executing migration" id="create alert_notification_state table v1"
grafana-1     | logger=migrator t=2026-04-20T08:17:07.857348569Z level=info msg="Migration successfully executed" id="create alert_notification_state table v1" duration=222.543µs
grafana-1     | logger=migrator t=2026-04-20T08:17:07.859340747Z level=info msg="Executing migration" id="add index alert_notification_state org_id & alert_id & notifier_id"
grafana-1     | logger=migrator t=2026-04-20T08:17:07.859541831Z level=info msg="Migration successfully executed" id="add index alert_notification_state org_id & alert_id & notifier_id" duration=202.835µs
grafana-1     | logger=migrator t=2026-04-20T08:17:07.86086738Z level=info msg="Executing migration" id="Add for to alert table"
grafana-1     | logger=migrator t=2026-04-20T08:17:07.861602634Z level=info msg="Migration successfully executed" id="Add for to alert table" duration=737.837µs
grafana-1     | logger=migrator t=2026-04-20T08:17:07.864140814Z level=info msg="Executing migration" id="Add column uid in alert_notification"
grafana-1     | logger=migrator t=2026-04-20T08:17:07.864670817Z level=info msg="Migration successfully executed" id="Add column uid in alert_notification" duration=530.753µs
grafana-1     | logger=migrator t=2026-04-20T08:17:07.867052413Z level=info msg="Executing migration" id="Update uid column values in alert_notification"
grafana-1     | logger=migrator t=2026-04-20T08:17:07.867164997Z level=info msg="Migration successfully executed" id="Update uid column values in alert_notification" duration=113.751µs
grafana-1     | logger=migrator t=2026-04-20T08:17:07.868788089Z level=info msg="Executing migration" id="Add unique index alert_notification_org_id_uid"
grafana-1     | logger=migrator t=2026-04-20T08:17:07.869072049Z level=info msg="Migration successfully executed" id="Add unique index alert_notification_org_id_uid" duration=284.751µs
grafana-1     | logger=migrator t=2026-04-20T08:17:07.871609396Z level=info msg="Executing migration" id="Remove unique index org_id_name"
grafana-1     | logger=migrator t=2026-04-20T08:17:07.871823397Z level=info msg="Migration successfully executed" id="Remove unique index org_id_name" duration=215.584µs
grafana-1     | logger=migrator t=2026-04-20T08:17:07.874959414Z level=info msg="Executing migration" id="Add column secure_settings in alert_notification"
grafana-1     | logger=migrator t=2026-04-20T08:17:07.875900961Z level=info msg="Migration successfully executed" id="Add column secure_settings in alert_notification" duration=942.047µs
grafana-1     | logger=migrator t=2026-04-20T08:17:07.880480527Z level=info msg="Executing migration" id="alter alert.settings to mediumtext"
grafana-1     | logger=migrator t=2026-04-20T08:17:07.880501986Z level=info msg="Migration successfully executed" id="alter alert.settings to mediumtext" duration=23.875µs
grafana-1     | logger=migrator t=2026-04-20T08:17:07.883394918Z level=info msg="Executing migration" id="Add non-unique index alert_notification_state_alert_id"
grafana-1     | logger=migrator t=2026-04-20T08:17:07.883743837Z level=info msg="Migration successfully executed" id="Add non-unique index alert_notification_state_alert_id" duration=350.252µs
grafana-1     | logger=migrator t=2026-04-20T08:17:07.885838098Z level=info msg="Executing migration" id="Add non-unique index alert_rule_tag_alert_id"
grafana-1     | logger=migrator t=2026-04-20T08:17:07.886323517Z level=info msg="Migration successfully executed" id="Add non-unique index alert_rule_tag_alert_id" duration=486.545µs
grafana-1     | logger=migrator t=2026-04-20T08:17:07.891469129Z level=info msg="Executing migration" id="Drop old annotation table v4"
grafana-1     | logger=migrator t=2026-04-20T08:17:07.891585587Z level=info msg="Migration successfully executed" id="Drop old annotation table v4" duration=115.5µs
grafana-1     | logger=migrator t=2026-04-20T08:17:07.895143607Z level=info msg="Executing migration" id="create annotation table v5"
grafana-1     | logger=migrator t=2026-04-20T08:17:07.895492317Z level=info msg="Migration successfully executed" id="create annotation table v5" duration=349.377µs
grafana-1     | logger=migrator t=2026-04-20T08:17:07.898312124Z level=info msg="Executing migration" id="add index annotation 0 v3"
grafana-1     | logger=migrator t=2026-04-20T08:17:07.898700834Z level=info msg="Migration successfully executed" id="add index annotation 0 v3" duration=389.544µs
grafana-1     | logger=migrator t=2026-04-20T08:17:07.900641636Z level=info msg="Executing migration" id="add index annotation 1 v3"
grafana-1     | logger=migrator t=2026-04-20T08:17:07.90099268Z level=info msg="Migration successfully executed" id="add index annotation 1 v3" duration=341.793µs
grafana-1     | logger=migrator t=2026-04-20T08:17:07.902426104Z level=info msg="Executing migration" id="add index annotation 2 v3"
grafana-1     | logger=migrator t=2026-04-20T08:17:07.902727189Z level=info msg="Migration successfully executed" id="add index annotation 2 v3" duration=288.501µs
grafana-1     | logger=migrator t=2026-04-20T08:17:07.904593199Z level=info msg="Executing migration" id="add index annotation 3 v3"
grafana-1     | logger=migrator t=2026-04-20T08:17:07.904853743Z level=info msg="Migration successfully executed" id="add index annotation 3 v3" duration=261.044µs
grafana-1     | logger=migrator t=2026-04-20T08:17:07.906399418Z level=info msg="Executing migration" id="add index annotation 4 v3"
grafana-1     | logger=migrator t=2026-04-20T08:17:07.906782128Z level=info msg="Migration successfully executed" id="add index annotation 4 v3" duration=382.627µs
grafana-1     | logger=migrator t=2026-04-20T08:17:07.909084224Z level=info msg="Executing migration" id="Update annotation table charset"
grafana-1     | logger=migrator t=2026-04-20T08:17:07.909183849Z level=info msg="Migration successfully executed" id="Update annotation table charset" duration=101.168µs
grafana-1     | logger=migrator t=2026-04-20T08:17:07.910707024Z level=info msg="Executing migration" id="Add column region_id to annotation table"
grafana-1     | logger=migrator t=2026-04-20T08:17:07.911519237Z level=info msg="Migration successfully executed" id="Add column region_id to annotation table" duration=813.421µs
grafana-1     | logger=migrator t=2026-04-20T08:17:07.913437872Z level=info msg="Executing migration" id="Drop category_id index"
grafana-1     | logger=migrator t=2026-04-20T08:17:07.913717124Z level=info msg="Migration successfully executed" id="Drop category_id index" duration=279.96µs
grafana-1     | logger=migrator t=2026-04-20T08:17:07.915751218Z level=info msg="Executing migration" id="Add column tags to annotation table"
grafana-1     | logger=migrator t=2026-04-20T08:17:07.916616389Z level=info msg="Migration successfully executed" id="Add column tags to annotation table" duration=865.838µs
grafana-1     | logger=migrator t=2026-04-20T08:17:07.92019045Z level=info msg="Executing migration" id="Create annotation_tag table v2"
grafana-1     | logger=migrator t=2026-04-20T08:17:07.920494785Z level=info msg="Migration successfully executed" id="Create annotation_tag table v2" duration=305.46µs
grafana-1     | logger=migrator t=2026-04-20T08:17:07.921943668Z level=info msg="Executing migration" id="Add unique index annotation_tag.annotation_id_tag_id"
grafana-1     | logger=migrator t=2026-04-20T08:17:07.922207836Z level=info msg="Migration successfully executed" id="Add unique index annotation_tag.annotation_id_tag_id" duration=265.168µs
grafana-1     | logger=migrator t=2026-04-20T08:17:07.925856064Z level=info msg="Executing migration" id="drop index UQE_annotation_tag_annotation_id_tag_id - v2"
grafana-1     | logger=migrator t=2026-04-20T08:17:07.926141358Z level=info msg="Migration successfully executed" id="drop index UQE_annotation_tag_annotation_id_tag_id - v2" duration=287.585µs
grafana-1     | logger=migrator t=2026-04-20T08:17:07.929316208Z level=info msg="Executing migration" id="Rename table annotation_tag to annotation_tag_v2 - v2"
grafana-1     | logger=migrator t=2026-04-20T08:17:07.930552173Z level=info msg="Migration successfully executed" id="Rename table annotation_tag to annotation_tag_v2 - v2" duration=1.237215ms
grafana-1     | logger=migrator t=2026-04-20T08:17:07.934432236Z level=info msg="Executing migration" id="Create annotation_tag table v3"
grafana-1     | logger=migrator t=2026-04-20T08:17:07.934739446Z level=info msg="Migration successfully executed" id="Create annotation_tag table v3" duration=308.085µs
grafana-1     | logger=migrator t=2026-04-20T08:17:07.936959999Z level=info msg="Executing migration" id="create index UQE_annotation_tag_annotation_id_tag_id - Add unique index annotation_tag.annotation_id_tag_id V3"
grafana-1     | logger=migrator t=2026-04-20T08:17:07.937193584Z level=info msg="Migration successfully executed" id="create index UQE_annotation_tag_annotation_id_tag_id - Add unique index annotation_tag.annotation_id_tag_id V3" duration=243.668µs
grafana-1     | logger=migrator t=2026-04-20T08:17:07.939391554Z level=info msg="Executing migration" id="copy annotation_tag v2 to v3"
grafana-1     | logger=migrator t=2026-04-20T08:17:07.939495596Z level=info msg="Migration successfully executed" id="copy annotation_tag v2 to v3" duration=105.292µs
grafana-1     | logger=migrator t=2026-04-20T08:17:07.941411565Z level=info msg="Executing migration" id="drop table annotation_tag_v2"
grafana-1     | logger=migrator t=2026-04-20T08:17:07.941590441Z level=info msg="Migration successfully executed" id="drop table annotation_tag_v2" duration=175.251µs
grafana-1     | logger=migrator t=2026-04-20T08:17:07.942795614Z level=info msg="Executing migration" id="Update alert annotations and set TEXT to empty"
grafana-1     | logger=migrator t=2026-04-20T08:17:07.942841823Z level=info msg="Migration successfully executed" id="Update alert annotations and set TEXT to empty" duration=46.625µs
grafana-1     | logger=migrator t=2026-04-20T08:17:07.944498665Z level=info msg="Executing migration" id="Add created time to annotation table"
grafana-1     | logger=migrator t=2026-04-20T08:17:07.945112002Z level=info msg="Migration successfully executed" id="Add created time to annotation table" duration=611.878µs
grafana-1     | logger=migrator t=2026-04-20T08:17:07.946649885Z level=info msg="Executing migration" id="Add updated time to annotation table"
grafana-1     | logger=migrator t=2026-04-20T08:17:07.947223222Z level=info msg="Migration successfully executed" id="Add updated time to annotation table" duration=573.378µs
grafana-1     | logger=migrator t=2026-04-20T08:17:07.948812897Z level=info msg="Executing migration" id="Add index for created in annotation table"
grafana-1     | logger=migrator t=2026-04-20T08:17:07.949111357Z level=info msg="Migration successfully executed" id="Add index for created in annotation table" duration=299.335µs
grafana-1     | logger=migrator t=2026-04-20T08:17:07.951683371Z level=info msg="Executing migration" id="Add index for updated in annotation table"
grafana-1     | logger=migrator t=2026-04-20T08:17:07.952001956Z level=info msg="Migration successfully executed" id="Add index for updated in annotation table" duration=319.21µs
grafana-1     | logger=migrator t=2026-04-20T08:17:07.95439151Z level=info msg="Executing migration" id="Convert existing annotations from seconds to milliseconds"
grafana-1     | logger=migrator t=2026-04-20T08:17:07.954488344Z level=info msg="Migration successfully executed" id="Convert existing annotations from seconds to milliseconds" duration=92.75µs
grafana-1     | logger=migrator t=2026-04-20T08:17:07.95567035Z level=info msg="Executing migration" id="Add epoch_end column"
grafana-1     | logger=migrator t=2026-04-20T08:17:07.956226062Z level=info msg="Migration successfully executed" id="Add epoch_end column" duration=555.628µs
grafana-1     | logger=migrator t=2026-04-20T08:17:07.958823118Z level=info msg="Executing migration" id="Add index for epoch_end"
grafana-1     | logger=migrator t=2026-04-20T08:17:07.959117661Z level=info msg="Migration successfully executed" id="Add index for epoch_end" duration=295.335µs
grafana-1     | logger=migrator t=2026-04-20T08:17:07.962024801Z level=info msg="Executing migration" id="Make epoch_end the same as epoch"
grafana-1     | logger=migrator t=2026-04-20T08:17:07.962085177Z level=info msg="Migration successfully executed" id="Make epoch_end the same as epoch" duration=61.209µs
grafana-1     | logger=migrator t=2026-04-20T08:17:07.96391227Z level=info msg="Executing migration" id="Move region to single row"
grafana-1     | logger=migrator t=2026-04-20T08:17:07.964175355Z level=info msg="Migration successfully executed" id="Move region to single row" duration=263.835µs
grafana-1     | logger=migrator t=2026-04-20T08:17:07.965993448Z level=info msg="Executing migration" id="Remove index org_id_epoch from annotation table"
grafana-1     | logger=migrator t=2026-04-20T08:17:07.966323825Z level=info msg="Migration successfully executed" id="Remove index org_id_epoch from annotation table" duration=331.419µs
grafana-1     | logger=migrator t=2026-04-20T08:17:07.967897625Z level=info msg="Executing migration" id="Remove index org_id_dashboard_id_panel_id_epoch from annotation table"
grafana-1     | logger=migrator t=2026-04-20T08:17:07.968346544Z level=info msg="Migration successfully executed" id="Remove index org_id_dashboard_id_panel_id_epoch from annotation table" duration=449.586µs
grafana-1     | logger=migrator t=2026-04-20T08:17:07.970398055Z level=info msg="Executing migration" id="Add index for org_id_dashboard_id_epoch_end_epoch on annotation table"
grafana-1     | logger=migrator t=2026-04-20T08:17:07.97060989Z level=info msg="Migration successfully executed" id="Add index for org_id_dashboard_id_epoch_end_epoch on annotation table" duration=212.376µs
grafana-1     | logger=migrator t=2026-04-20T08:17:07.972408983Z level=info msg="Executing migration" id="Add index for org_id_epoch_end_epoch on annotation table"
grafana-1     | logger=migrator t=2026-04-20T08:17:07.972608692Z level=info msg="Migration successfully executed" id="Add index for org_id_epoch_end_epoch on annotation table" duration=199.793µs
grafana-1     | logger=migrator t=2026-04-20T08:17:07.974381327Z level=info msg="Executing migration" id="Remove index org_id_epoch_epoch_end from annotation table"
grafana-1     | logger=migrator t=2026-04-20T08:17:07.974587203Z level=info msg="Migration successfully executed" id="Remove index org_id_epoch_epoch_end from annotation table" duration=206.584µs
grafana-1     | logger=migrator t=2026-04-20T08:17:07.975752459Z level=info msg="Executing migration" id="Add index for alert_id on annotation table"
grafana-1     | logger=migrator t=2026-04-20T08:17:07.975958168Z level=info msg="Migration successfully executed" id="Add index for alert_id on annotation table" duration=205.959µs
grafana-1     | logger=migrator t=2026-04-20T08:17:07.977629927Z level=info msg="Executing migration" id="Increase tags column to length 4096"
grafana-1     | logger=migrator t=2026-04-20T08:17:07.977700845Z level=info msg="Migration successfully executed" id="Increase tags column to length 4096" duration=71.751µs
grafana-1     | logger=migrator t=2026-04-20T08:17:07.978758517Z level=info msg="Executing migration" id="Increase prev_state column to length 40 not null"
grafana-1     | logger=migrator t=2026-04-20T08:17:07.978790975Z level=info msg="Migration successfully executed" id="Increase prev_state column to length 40 not null" duration=28.5µs
grafana-1     | logger=migrator t=2026-04-20T08:17:07.980113941Z level=info msg="Executing migration" id="Increase new_state column to length 40 not null"
grafana-1     | logger=migrator t=2026-04-20T08:17:07.980125983Z level=info msg="Migration successfully executed" id="Increase new_state column to length 40 not null" duration=12.75µs
grafana-1     | logger=migrator t=2026-04-20T08:17:07.981363614Z level=info msg="Executing migration" id="Add dashboard_uid column to annotation table"
grafana-1     | logger=migrator t=2026-04-20T08:17:07.981924284Z level=info msg="Migration successfully executed" id="Add dashboard_uid column to annotation table" duration=560.753µs
grafana-1     | logger=migrator t=2026-04-20T08:17:07.983709585Z level=info msg="Executing migration" id="Add missing dashboard_uid to annotation table"
grafana-1     | logger=migrator t=2026-04-20T08:17:07.983725544Z level=info msg="Starting batched dashboard_uid migration for annotations (newest first)" batchSize=5000
grafana-1     | logger=migrator t=2026-04-20T08:17:07.983915086Z level=info msg="Completed dashboard_uid migration for annotations" totalUpdated=0
grafana-1     | logger=migrator t=2026-04-20T08:17:07.98392017Z level=info msg="Migration successfully executed" id="Add missing dashboard_uid to annotation table" duration=212.042µs
grafana-1     | logger=migrator t=2026-04-20T08:17:07.98520051Z level=info msg="Executing migration" id="create test_data table"
grafana-1     | logger=migrator t=2026-04-20T08:17:07.985386511Z level=info msg="Migration successfully executed" id="create test_data table" duration=186.001µs
grafana-1     | logger=migrator t=2026-04-20T08:17:07.987111854Z level=info msg="Executing migration" id="create dashboard_version table v1"
grafana-1     | logger=migrator t=2026-04-20T08:17:07.987336063Z level=info msg="Migration successfully executed" id="create dashboard_version table v1" duration=224.668µs
grafana-1     | logger=migrator t=2026-04-20T08:17:07.988888405Z level=info msg="Executing migration" id="add index dashboard_version.dashboard_id"
grafana-1     | logger=migrator t=2026-04-20T08:17:07.989201532Z level=info msg="Migration successfully executed" id="add index dashboard_version.dashboard_id" duration=314.335µs
grafana-1     | logger=migrator t=2026-04-20T08:17:07.990656415Z level=info msg="Executing migration" id="add unique index dashboard_version.dashboard_id and dashboard_version.version"
grafana-1     | logger=migrator t=2026-04-20T08:17:07.990987125Z level=info msg="Migration successfully executed" id="add unique index dashboard_version.dashboard_id and dashboard_version.version" duration=331.502µs
grafana-1     | logger=migrator t=2026-04-20T08:17:07.99378839Z level=info msg="Executing migration" id="Set dashboard version to 1 where 0"
grafana-1     | logger=migrator t=2026-04-20T08:17:07.993934516Z level=info msg="Migration successfully executed" id="Set dashboard version to 1 where 0" duration=146.792µs
grafana-1     | logger=migrator t=2026-04-20T08:17:07.995287773Z level=info msg="Executing migration" id="save existing dashboard data in dashboard_version table v1"
grafana-1     | logger=migrator t=2026-04-20T08:17:07.99545494Z level=info msg="Migration successfully executed" id="save existing dashboard data in dashboard_version table v1" duration=167.501µs
grafana-1     | logger=migrator t=2026-04-20T08:17:07.997407118Z level=info msg="Executing migration" id="alter dashboard_version.data to mediumtext v1"
grafana-1     | logger=migrator t=2026-04-20T08:17:07.997468701Z level=info msg="Migration successfully executed" id="alter dashboard_version.data to mediumtext v1" duration=63.042µs
grafana-1     | logger=migrator t=2026-04-20T08:17:07.999417462Z level=info msg="Executing migration" id="Add apiVersion for dashboard_version"
grafana-1     | logger=migrator t=2026-04-20T08:17:08.000049924Z level=info msg="Migration successfully executed" id="Add apiVersion for dashboard_version" duration=633.753µs
grafana-1     | logger=migrator t=2026-04-20T08:17:08.001898059Z level=info msg="Executing migration" id="create team table"
grafana-1     | logger=migrator t=2026-04-20T08:17:08.002201519Z level=info msg="Migration successfully executed" id="create team table" duration=304.376µs
grafana-1     | logger=migrator t=2026-04-20T08:17:08.003986195Z level=info msg="Executing migration" id="add index team.org_id"
grafana-1     | logger=migrator t=2026-04-20T08:17:08.004260738Z level=info msg="Migration successfully executed" id="add index team.org_id" duration=275.419µs
grafana-1     | logger=migrator t=2026-04-20T08:17:08.005504203Z level=info msg="Executing migration" id="add unique index team_org_id_name"
grafana-1     | logger=migrator t=2026-04-20T08:17:08.005712287Z level=info msg="Migration successfully executed" id="add unique index team_org_id_name" duration=213.584µs
grafana-1     | logger=migrator t=2026-04-20T08:17:08.007687006Z level=info msg="Executing migration" id="Add column uid in team"
grafana-1     | logger=migrator t=2026-04-20T08:17:08.008234509Z level=info msg="Migration successfully executed" id="Add column uid in team" duration=548.17µs
grafana-1     | logger=migrator t=2026-04-20T08:17:08.01087969Z level=info msg="Executing migration" id="Update uid column values in team"
grafana-1     | logger=migrator t=2026-04-20T08:17:08.011012774Z level=info msg="Migration successfully executed" id="Update uid column values in team" duration=134.46µs
grafana-1     | logger=migrator t=2026-04-20T08:17:08.012575824Z level=info msg="Executing migration" id="Add unique index team_org_id_uid"
grafana-1     | logger=migrator t=2026-04-20T08:17:08.012789534Z level=info msg="Migration successfully executed" id="Add unique index team_org_id_uid" duration=213.96µs
grafana-1     | logger=migrator t=2026-04-20T08:17:08.014639877Z level=info msg="Executing migration" id="Add column external_uid in team"
grafana-1     | logger=migrator t=2026-04-20T08:17:08.015405673Z level=info msg="Migration successfully executed" id="Add column external_uid in team" duration=766.129µs
grafana-1     | logger=migrator t=2026-04-20T08:17:08.018390106Z level=info msg="Executing migration" id="Add column is_provisioned in team"
grafana-1     | logger=migrator t=2026-04-20T08:17:08.018928067Z level=info msg="Migration successfully executed" id="Add column is_provisioned in team" duration=539.212µs
grafana-1     | logger=migrator t=2026-04-20T08:17:08.02044795Z level=info msg="Executing migration" id="create team member table"
grafana-1     | logger=migrator t=2026-04-20T08:17:08.020680451Z level=info msg="Migration successfully executed" id="create team member table" duration=241.501µs
grafana-1     | logger=migrator t=2026-04-20T08:17:08.021823207Z level=info msg="Executing migration" id="add index team_member.org_id"
grafana-1     | logger=migrator t=2026-04-20T08:17:08.022081625Z level=info msg="Migration successfully executed" id="add index team_member.org_id" duration=258.876µs
grafana-1     | logger=migrator t=2026-04-20T08:17:08.023706342Z level=info msg="Executing migration" id="add unique index team_member_org_id_team_id_user_id"
grafana-1     | logger=migrator t=2026-04-20T08:17:08.023997511Z level=info msg="Migration successfully executed" id="add unique index team_member_org_id_team_id_user_id" duration=292.21µs
grafana-1     | logger=migrator t=2026-04-20T08:17:08.02634319Z level=info msg="Executing migration" id="add index team_member.team_id"
grafana-1     | logger=migrator t=2026-04-20T08:17:08.026621483Z level=info msg="Migration successfully executed" id="add index team_member.team_id" duration=279.376µs
grafana-1     | logger=migrator t=2026-04-20T08:17:08.028426159Z level=info msg="Executing migration" id="Add column email to team table"
grafana-1     | logger=migrator t=2026-04-20T08:17:08.029124413Z level=info msg="Migration successfully executed" id="Add column email to team table" duration=699.004µs
grafana-1     | logger=migrator t=2026-04-20T08:17:08.030857172Z level=info msg="Executing migration" id="Add column external to team_member table"
grafana-1     | logger=migrator t=2026-04-20T08:17:08.031509301Z level=info msg="Migration successfully executed" id="Add column external to team_member table" duration=657.337µs
grafana-1     | logger=migrator t=2026-04-20T08:17:08.032865433Z level=info msg="Executing migration" id="Add column permission to team_member table"
grafana-1     | logger=migrator t=2026-04-20T08:17:08.033400811Z level=info msg="Migration successfully executed" id="Add column permission to team_member table" duration=535.253µs
grafana-1     | logger=migrator t=2026-04-20T08:17:08.034648401Z level=info msg="Executing migration" id="add unique index team_member_user_id_org_id"
grafana-1     | logger=migrator t=2026-04-20T08:17:08.034876527Z level=info msg="Migration successfully executed" id="add unique index team_member_user_id_org_id" duration=228.502µs
grafana-1     | logger=migrator t=2026-04-20T08:17:08.036708412Z level=info msg="Executing migration" id="Add column uid in team_member"
grafana-1     | logger=migrator t=2026-04-20T08:17:08.03720454Z level=info msg="Migration successfully executed" id="Add column uid in team_member" duration=496.753µs
grafana-1     | logger=migrator t=2026-04-20T08:17:08.038650631Z level=info msg="Executing migration" id="Update uid column values in team_member"
grafana-1     | logger=migrator t=2026-04-20T08:17:08.03870584Z level=info msg="Migration successfully executed" id="Update uid column values in team_member" duration=55.542µs
grafana-1     | logger=migrator t=2026-04-20T08:17:08.040230014Z level=info msg="Executing migration" id="Add unique index team_member_uid"
grafana-1     | logger=migrator t=2026-04-20T08:17:08.040604058Z level=info msg="Migration successfully executed" id="Add unique index team_member_uid" duration=374.627µs
grafana-1     | logger=migrator t=2026-04-20T08:17:08.041707564Z level=info msg="Executing migration" id="create dashboard acl table"
grafana-1     | logger=migrator t=2026-04-20T08:17:08.041978274Z level=info msg="Migration successfully executed" id="create dashboard acl table" duration=271.127µs
grafana-1     | logger=migrator t=2026-04-20T08:17:08.043575407Z level=info msg="Executing migration" id="add index dashboard_acl_dashboard_id"
grafana-1     | logger=migrator t=2026-04-20T08:17:08.0438147Z level=info msg="Migration successfully executed" id="add index dashboard_acl_dashboard_id" duration=239.501µs
grafana-1     | logger=migrator t=2026-04-20T08:17:08.04586992Z level=info msg="Executing migration" id="add unique index dashboard_acl_dashboard_id_user_id"
grafana-1     | logger=migrator t=2026-04-20T08:17:08.046071588Z level=info msg="Migration successfully executed" id="add unique index dashboard_acl_dashboard_id_user_id" duration=201.793µs
grafana-1     | logger=migrator t=2026-04-20T08:17:08.048354683Z level=info msg="Executing migration" id="add unique index dashboard_acl_dashboard_id_team_id"
grafana-1     | logger=migrator t=2026-04-20T08:17:08.048548309Z level=info msg="Migration successfully executed" id="add unique index dashboard_acl_dashboard_id_team_id" duration=193.751µs
grafana-1     | logger=migrator t=2026-04-20T08:17:08.050471111Z level=info msg="Executing migration" id="add index dashboard_acl_user_id"
grafana-1     | logger=migrator t=2026-04-20T08:17:08.050741238Z level=info msg="Migration successfully executed" id="add index dashboard_acl_user_id" duration=271.502µs
grafana-1     | logger=migrator t=2026-04-20T08:17:08.052651581Z level=info msg="Executing migration" id="add index dashboard_acl_team_id"
grafana-1     | logger=migrator t=2026-04-20T08:17:08.052822582Z level=info msg="Migration successfully executed" id="add index dashboard_acl_team_id" duration=171.792µs
grafana-1     | logger=migrator t=2026-04-20T08:17:08.054420716Z level=info msg="Executing migration" id="add index dashboard_acl_org_id_role"
grafana-1     | logger=migrator t=2026-04-20T08:17:08.054643592Z level=info msg="Migration successfully executed" id="add index dashboard_acl_org_id_role" duration=223.084µs
grafana-1     | logger=migrator t=2026-04-20T08:17:08.05680652Z level=info msg="Executing migration" id="add index dashboard_permission"
grafana-1     | logger=migrator t=2026-04-20T08:17:08.057071397Z level=info msg="Migration successfully executed" id="add index dashboard_permission" duration=265.377µs
grafana-1     | logger=migrator t=2026-04-20T08:17:08.058693489Z level=info msg="Executing migration" id="save default acl rules in dashboard_acl table"
grafana-1     | logger=migrator t=2026-04-20T08:17:08.058849781Z level=info msg="Migration successfully executed" id="save default acl rules in dashboard_acl table" duration=156.543µs
grafana-1     | logger=migrator t=2026-04-20T08:17:08.05985812Z level=info msg="Executing migration" id="delete acl rules for deleted dashboards and folders"
grafana-1     | logger=migrator t=2026-04-20T08:17:08.059911329Z level=info msg="Migration successfully executed" id="delete acl rules for deleted dashboards and folders" duration=53.5µs
grafana-1     | logger=migrator t=2026-04-20T08:17:08.062399384Z level=info msg="Executing migration" id="create tag table"
grafana-1     | logger=migrator t=2026-04-20T08:17:08.062564509Z level=info msg="Migration successfully executed" id="create tag table" duration=165.792µs
grafana-1     | logger=migrator t=2026-04-20T08:17:08.064234768Z level=info msg="Executing migration" id="add index tag.key_value"
grafana-1     | logger=migrator t=2026-04-20T08:17:08.064482728Z level=info msg="Migration successfully executed" id="add index tag.key_value" duration=247.751µs
grafana-1     | logger=migrator t=2026-04-20T08:17:08.066493614Z level=info msg="Executing migration" id="create login attempt table"
grafana-1     | logger=migrator t=2026-04-20T08:17:08.066635198Z level=info msg="Migration successfully executed" id="create login attempt table" duration=142.543µs
grafana-1     | logger=migrator t=2026-04-20T08:17:08.068260498Z level=info msg="Executing migration" id="add index login_attempt.username"
grafana-1     | logger=migrator t=2026-04-20T08:17:08.068485125Z level=info msg="Migration successfully executed" id="add index login_attempt.username" duration=225.127µs
grafana-1     | logger=migrator t=2026-04-20T08:17:08.069827173Z level=info msg="Executing migration" id="drop index IDX_login_attempt_username - v1"
grafana-1     | logger=migrator t=2026-04-20T08:17:08.07004555Z level=info msg="Migration successfully executed" id="drop index IDX_login_attempt_username - v1" duration=218.543µs
grafana-1     | logger=migrator t=2026-04-20T08:17:08.071755934Z level=info msg="Executing migration" id="Rename table login_attempt to login_attempt_tmp_qwerty - v1"
grafana-1     | logger=migrator t=2026-04-20T08:17:08.073165525Z level=info msg="Migration successfully executed" id="Rename table login_attempt to login_attempt_tmp_qwerty - v1" duration=1.4093ms
grafana-1     | logger=migrator t=2026-04-20T08:17:08.074631116Z level=info msg="Executing migration" id="create login_attempt v2"
grafana-1     | logger=migrator t=2026-04-20T08:17:08.0748577Z level=info msg="Migration successfully executed" id="create login_attempt v2" duration=226.668µs
grafana-1     | logger=migrator t=2026-04-20T08:17:08.076143082Z level=info msg="Executing migration" id="create index IDX_login_attempt_username - v2"
grafana-1     | logger=migrator t=2026-04-20T08:17:08.07629075Z level=info msg="Migration successfully executed" id="create index IDX_login_attempt_username - v2" duration=147.792µs
grafana-1     | logger=migrator t=2026-04-20T08:17:08.078469803Z level=info msg="Executing migration" id="copy login_attempt v1 to v2"
grafana-1     | logger=migrator t=2026-04-20T08:17:08.078590221Z level=info msg="Migration successfully executed" id="copy login_attempt v1 to v2" duration=120.625µs
grafana-1     | logger=migrator t=2026-04-20T08:17:08.080245688Z level=info msg="Executing migration" id="drop login_attempt_tmp_qwerty"
grafana-1     | logger=migrator t=2026-04-20T08:17:08.080482189Z level=info msg="Migration successfully executed" id="drop login_attempt_tmp_qwerty" duration=236.501µs
grafana-1     | logger=migrator t=2026-04-20T08:17:08.081725112Z level=info msg="Executing migration" id="increase login_attempt.ip_address column length for IPv6 support"
grafana-1     | logger=migrator t=2026-04-20T08:17:08.081757779Z level=info msg="Migration successfully executed" id="increase login_attempt.ip_address column length for IPv6 support" duration=33.5µs
grafana-1     | logger=migrator t=2026-04-20T08:17:08.083427205Z level=info msg="Executing migration" id="alter table login_attempt alter column created type to bigint"
grafana-1     | logger=migrator t=2026-04-20T08:17:08.083485288Z level=info msg="Migration successfully executed" id="alter table login_attempt alter column created type to bigint" duration=58.583µs
grafana-1     | logger=migrator t=2026-04-20T08:17:08.084805504Z level=info msg="Executing migration" id="create user auth table"
grafana-1     | logger=migrator t=2026-04-20T08:17:08.085019338Z level=info msg="Migration successfully executed" id="create user auth table" duration=214.167µs
grafana-1     | logger=migrator t=2026-04-20T08:17:08.086476763Z level=info msg="Executing migration" id="create index IDX_user_auth_auth_module_auth_id - v1"
grafana-1     | logger=migrator t=2026-04-20T08:17:08.086658181Z level=info msg="Migration successfully executed" id="create index IDX_user_auth_auth_module_auth_id - v1" duration=181.584µs
grafana-1     | logger=migrator t=2026-04-20T08:17:08.0887049Z level=info msg="Executing migration" id="alter user_auth.auth_id to length 190"
grafana-1     | logger=migrator t=2026-04-20T08:17:08.088961776Z level=info msg="Migration successfully executed" id="alter user_auth.auth_id to length 190" duration=257.251µs
grafana-1     | logger=migrator t=2026-04-20T08:17:08.090413034Z level=info msg="Executing migration" id="Add OAuth access token to user_auth"
grafana-1     | logger=migrator t=2026-04-20T08:17:08.091099246Z level=info msg="Migration successfully executed" id="Add OAuth access token to user_auth" duration=686.837µs
grafana-1     | logger=migrator t=2026-04-20T08:17:08.09216121Z level=info msg="Executing migration" id="Add OAuth refresh token to user_auth"
grafana-1     | logger=migrator t=2026-04-20T08:17:08.092727338Z level=info msg="Migration successfully executed" id="Add OAuth refresh token to user_auth" duration=566.211µs
grafana-1     | logger=migrator t=2026-04-20T08:17:08.093539842Z level=info msg="Executing migration" id="Add OAuth token type to user_auth"
grafana-1     | logger=migrator t=2026-04-20T08:17:08.094029887Z level=info msg="Migration successfully executed" id="Add OAuth token type to user_auth" duration=490.086µs
grafana-1     | logger=migrator t=2026-04-20T08:17:08.095886022Z level=info msg="Executing migration" id="Add OAuth expiry to user_auth"
grafana-1     | logger=migrator t=2026-04-20T08:17:08.096697443Z level=info msg="Migration successfully executed" id="Add OAuth expiry to user_auth" duration=809.879µs
grafana-1     | logger=migrator t=2026-04-20T08:17:08.099175373Z level=info msg="Executing migration" id="Add index to user_id column in user_auth"
grafana-1     | logger=migrator t=2026-04-20T08:17:08.099639584Z level=info msg="Migration successfully executed" id="Add index to user_id column in user_auth" duration=465.169µs
grafana-1     | logger=migrator t=2026-04-20T08:17:08.101510469Z level=info msg="Executing migration" id="Add OAuth ID token to user_auth"
grafana-1     | logger=migrator t=2026-04-20T08:17:08.102271848Z level=info msg="Migration successfully executed" id="Add OAuth ID token to user_auth" duration=768.045µs
grafana-1     | logger=migrator t=2026-04-20T08:17:08.103835481Z level=info msg="Executing migration" id="Add user_unique_id to user_auth"
grafana-1     | logger=migrator t=2026-04-20T08:17:08.104390401Z level=info msg="Migration successfully executed" id="Add user_unique_id to user_auth" duration=555.045µs
grafana-1     | logger=migrator t=2026-04-20T08:17:08.106614079Z level=info msg="Executing migration" id="Add user_uid to user_auth"
grafana-1     | logger=migrator t=2026-04-20T08:17:08.107327125Z level=info msg="Migration successfully executed" id="Add user_uid to user_auth" duration=714.087µs
grafana-1     | logger=migrator t=2026-04-20T08:17:08.10857209Z level=info msg="Executing migration" id="Populate user_uid in user_auth from user table"
grafana-1     | logger=migrator t=2026-04-20T08:17:08.108683049Z level=info msg="Migration successfully executed" id="Populate user_uid in user_auth from user table" duration=111.333µs
grafana-1     | logger=migrator t=2026-04-20T08:17:08.111088853Z level=info msg="Executing migration" id="create server_lock table"
grafana-1     | logger=migrator t=2026-04-20T08:17:08.111410147Z level=info msg="Migration successfully executed" id="create server_lock table" duration=322.376µs
grafana-1     | logger=migrator t=2026-04-20T08:17:08.112488611Z level=info msg="Executing migration" id="add index server_lock.operation_uid"
grafana-1     | logger=migrator t=2026-04-20T08:17:08.112729821Z level=info msg="Migration successfully executed" id="add index server_lock.operation_uid" duration=241.335µs
grafana-1     | logger=migrator t=2026-04-20T08:17:08.113673201Z level=info msg="Executing migration" id="create user auth token table"
grafana-1     | logger=migrator t=2026-04-20T08:17:08.113798118Z level=info msg="Migration successfully executed" id="create user auth token table" duration=124.792µs
grafana-1     | logger=migrator t=2026-04-20T08:17:08.114970291Z level=info msg="Executing migration" id="add unique index user_auth_token.auth_token"
grafana-1     | logger=migrator t=2026-04-20T08:17:08.115242251Z level=info msg="Migration successfully executed" id="add unique index user_auth_token.auth_token" duration=272.335µs
grafana-1     | logger=migrator t=2026-04-20T08:17:08.116310215Z level=info msg="Executing migration" id="add unique index user_auth_token.prev_auth_token"
grafana-1     | logger=migrator t=2026-04-20T08:17:08.116558508Z level=info msg="Migration successfully executed" id="add unique index user_auth_token.prev_auth_token" duration=248.751µs
grafana-1     | logger=migrator t=2026-04-20T08:17:08.117922848Z level=info msg="Executing migration" id="add index user_auth_token.user_id"
grafana-1     | logger=migrator t=2026-04-20T08:17:08.1181551Z level=info msg="Migration successfully executed" id="add index user_auth_token.user_id" duration=233.293µs
grafana-1     | logger=migrator t=2026-04-20T08:17:08.119913317Z level=info msg="Executing migration" id="Add revoked_at to the user auth token"
grafana-1     | logger=migrator t=2026-04-20T08:17:08.120744697Z level=info msg="Migration successfully executed" id="Add revoked_at to the user auth token" duration=831.547µs
grafana-1     | logger=migrator t=2026-04-20T08:17:08.123320211Z level=info msg="Executing migration" id="add index user_auth_token.revoked_at"
grafana-1     | logger=migrator t=2026-04-20T08:17:08.123617462Z level=info msg="Migration successfully executed" id="add index user_auth_token.revoked_at" duration=297.252µs
grafana-1     | logger=migrator t=2026-04-20T08:17:08.124891219Z level=info msg="Executing migration" id="add external_session_id to user_auth_token"
grafana-1     | logger=migrator t=2026-04-20T08:17:08.125576723Z level=info msg="Migration successfully executed" id="add external_session_id to user_auth_token" duration=685.629µs
grafana-1     | logger=migrator t=2026-04-20T08:17:08.127741776Z level=info msg="Executing migration" id="create cache_data table"
grafana-1     | logger=migrator t=2026-04-20T08:17:08.127908735Z level=info msg="Migration successfully executed" id="create cache_data table" duration=167.084µs
grafana-1     | logger=migrator t=2026-04-20T08:17:08.129261784Z level=info msg="Executing migration" id="add unique index cache_data.cache_key"
grafana-1     | logger=migrator t=2026-04-20T08:17:08.12944991Z level=info msg="Migration successfully executed" id="add unique index cache_data.cache_key" duration=188.085µs
grafana-1     | logger=migrator t=2026-04-20T08:17:08.130776834Z level=info msg="Executing migration" id="create short_url table v1"
grafana-1     | logger=migrator t=2026-04-20T08:17:08.131029085Z level=info msg="Migration successfully executed" id="create short_url table v1" duration=253.752µs
grafana-1     | logger=migrator t=2026-04-20T08:17:08.13318643Z level=info msg="Executing migration" id="add index short_url.org_id-uid"
grafana-1     | logger=migrator t=2026-04-20T08:17:08.133411098Z level=info msg="Migration successfully executed" id="add index short_url.org_id-uid" duration=225.543µs
grafana-1     | logger=migrator t=2026-04-20T08:17:08.135080232Z level=info msg="Executing migration" id="alter table short_url alter column created_by type to bigint"
grafana-1     | logger=migrator t=2026-04-20T08:17:08.135093149Z level=info msg="Migration successfully executed" id="alter table short_url alter column created_by type to bigint" duration=14.208µs
grafana-1     | logger=migrator t=2026-04-20T08:17:08.137251452Z level=info msg="Executing migration" id="delete alert_definition table"
grafana-1     | logger=migrator t=2026-04-20T08:17:08.137290494Z level=info msg="Migration successfully executed" id="delete alert_definition table" duration=40.25µs
grafana-1     | logger=migrator t=2026-04-20T08:17:08.14054172Z level=info msg="Executing migration" id="recreate alert_definition table"
grafana-1     | logger=migrator t=2026-04-20T08:17:08.140816096Z level=info msg="Migration successfully executed" id="recreate alert_definition table" duration=275.168µs
grafana-1     | logger=migrator t=2026-04-20T08:17:08.142326021Z level=info msg="Executing migration" id="add index in alert_definition on org_id and title columns"
grafana-1     | logger=migrator t=2026-04-20T08:17:08.142526481Z level=info msg="Migration successfully executed" id="add index in alert_definition on org_id and title columns" duration=200.502µs
grafana-1     | logger=migrator t=2026-04-20T08:17:08.144249948Z level=info msg="Executing migration" id="add index in alert_definition on org_id and uid columns"
grafana-1     | logger=migrator t=2026-04-20T08:17:08.144430324Z level=info msg="Migration successfully executed" id="add index in alert_definition on org_id and uid columns" duration=178.209µs
grafana-1     | logger=migrator t=2026-04-20T08:17:08.145480121Z level=info msg="Executing migration" id="alter alert_definition table data column to mediumtext in mysql"
grafana-1     | logger=migrator t=2026-04-20T08:17:08.145501663Z level=info msg="Migration successfully executed" id="alter alert_definition table data column to mediumtext in mysql" duration=21.917µs
grafana-1     | logger=migrator t=2026-04-20T08:17:08.146354418Z level=info msg="Executing migration" id="drop index in alert_definition on org_id and title columns"
grafana-1     | logger=migrator t=2026-04-20T08:17:08.146586211Z level=info msg="Migration successfully executed" id="drop index in alert_definition on org_id and title columns" duration=231.918µs
grafana-1     | logger=migrator t=2026-04-20T08:17:08.147505424Z level=info msg="Executing migration" id="drop index in alert_definition on org_id and uid columns"
grafana-1     | logger=migrator t=2026-04-20T08:17:08.1477688Z level=info msg="Migration successfully executed" id="drop index in alert_definition on org_id and uid columns" duration=263.085µs
grafana-1     | logger=migrator t=2026-04-20T08:17:08.149142599Z level=info msg="Executing migration" id="add unique index in alert_definition on org_id and title columns"
grafana-1     | logger=migrator t=2026-04-20T08:17:08.149358559Z level=info msg="Migration successfully executed" id="add unique index in alert_definition on org_id and title columns" duration=216.209µs
grafana-1     | logger=migrator t=2026-04-20T08:17:08.150971026Z level=info msg="Executing migration" id="add unique index in alert_definition on org_id and uid columns"
grafana-1     | logger=migrator t=2026-04-20T08:17:08.151157235Z level=info msg="Migration successfully executed" id="add unique index in alert_definition on org_id and uid columns" duration=186.334µs
grafana-1     | logger=migrator t=2026-04-20T08:17:08.1523392Z level=info msg="Executing migration" id="Add column paused in alert_definition"
grafana-1     | logger=migrator t=2026-04-20T08:17:08.152876536Z level=info msg="Migration successfully executed" id="Add column paused in alert_definition" duration=537.545µs
grafana-1     | logger=migrator t=2026-04-20T08:17:08.154177876Z level=info msg="Executing migration" id="drop alert_definition table"
grafana-1     | logger=migrator t=2026-04-20T08:17:08.154434128Z level=info msg="Migration successfully executed" id="drop alert_definition table" duration=256.335µs
grafana-1     | logger=migrator t=2026-04-20T08:17:08.155543675Z level=info msg="Executing migration" id="delete alert_definition_version table"
grafana-1     | logger=migrator t=2026-04-20T08:17:08.155600384Z level=info msg="Migration successfully executed" id="delete alert_definition_version table" duration=57.084µs
grafana-1     | logger=migrator t=2026-04-20T08:17:08.157646687Z level=info msg="Executing migration" id="recreate alert_definition_version table"
grafana-1     | logger=migrator t=2026-04-20T08:17:08.157862646Z level=info msg="Migration successfully executed" id="recreate alert_definition_version table" duration=216.543µs
grafana-1     | logger=migrator t=2026-04-20T08:17:08.161519458Z level=info msg="Executing migration" id="add index in alert_definition_version table on alert_definition_id and version columns"
grafana-1     | logger=migrator t=2026-04-20T08:17:08.161681792Z level=info msg="Migration successfully executed" id="add index in alert_definition_version table on alert_definition_id and version columns" duration=162.668µs
grafana-1     | logger=migrator t=2026-04-20T08:17:08.163527468Z level=info msg="Executing migration" id="add index in alert_definition_version table on alert_definition_uid and version columns"
grafana-1     | logger=migrator t=2026-04-20T08:17:08.163716344Z level=info msg="Migration successfully executed" id="add index in alert_definition_version table on alert_definition_uid and version columns" duration=189.251µs
grafana-1     | logger=migrator t=2026-04-20T08:17:08.165311811Z level=info msg="Executing migration" id="alter alert_definition_version table data column to mediumtext in mysql"
grafana-1     | logger=migrator t=2026-04-20T08:17:08.165319311Z level=info msg="Migration successfully executed" id="alter alert_definition_version table data column to mediumtext in mysql" duration=8µs
grafana-1     | logger=migrator t=2026-04-20T08:17:08.16746474Z level=info msg="Executing migration" id="drop alert_definition_version table"
grafana-1     | logger=migrator t=2026-04-20T08:17:08.167721741Z level=info msg="Migration successfully executed" id="drop alert_definition_version table" duration=259.293µs
grafana-1     | logger=migrator t=2026-04-20T08:17:08.170313755Z level=info msg="Executing migration" id="create alert_instance table"
grafana-1     | logger=migrator t=2026-04-20T08:17:08.170525631Z level=info msg="Migration successfully executed" id="create alert_instance table" duration=212.335µs
grafana-1     | logger=migrator t=2026-04-20T08:17:08.17306952Z level=info msg="Executing migration" id="add index in alert_instance table on def_org_id, def_uid and current_state columns"
grafana-1     | logger=migrator t=2026-04-20T08:17:08.173584189Z level=info msg="Migration successfully executed" id="add index in alert_instance table on def_org_id, def_uid and current_state columns" duration=317.169µs
grafana-1     | logger=migrator t=2026-04-20T08:17:08.176517163Z level=info msg="Executing migration" id="add index in alert_instance table on def_org_id, current_state columns"
grafana-1     | logger=migrator t=2026-04-20T08:17:08.176673122Z level=info msg="Migration successfully executed" id="add index in alert_instance table on def_org_id, current_state columns" duration=156.292µs
grafana-1     | logger=migrator t=2026-04-20T08:17:08.178883884Z level=info msg="Executing migration" id="add column current_state_end to alert_instance"
grafana-1     | logger=migrator t=2026-04-20T08:17:08.179610763Z level=info msg="Migration successfully executed" id="add column current_state_end to alert_instance" duration=728.045µs
grafana-1     | logger=migrator t=2026-04-20T08:17:08.180514726Z level=info msg="Executing migration" id="remove index def_org_id, def_uid, current_state on alert_instance"
grafana-1     | logger=migrator t=2026-04-20T08:17:08.180720519Z level=info msg="Migration successfully executed" id="remove index def_org_id, def_uid, current_state on alert_instance" duration=206.084µs
grafana-1     | logger=migrator t=2026-04-20T08:17:08.182254486Z level=info msg="Executing migration" id="remove index def_org_id, current_state on alert_instance"
grafana-1     | logger=migrator t=2026-04-20T08:17:08.182492404Z level=info msg="Migration successfully executed" id="remove index def_org_id, current_state on alert_instance" duration=238.126µs
grafana-1     | logger=migrator t=2026-04-20T08:17:08.183704118Z level=info msg="Executing migration" id="rename def_org_id to rule_org_id in alert_instance"
grafana-1     | logger=migrator t=2026-04-20T08:17:08.186267966Z level=info msg="Migration successfully executed" id="rename def_org_id to rule_org_id in alert_instance" duration=2.563305ms
grafana-1     | logger=migrator t=2026-04-20T08:17:08.187715057Z level=info msg="Executing migration" id="rename def_uid to rule_uid in alert_instance"
grafana-1     | logger=migrator t=2026-04-20T08:17:08.190062403Z level=info msg="Migration successfully executed" id="rename def_uid to rule_uid in alert_instance" duration=2.347388ms
grafana-1     | logger=migrator t=2026-04-20T08:17:08.191730453Z level=info msg="Executing migration" id="add index rule_org_id, rule_uid, current_state on alert_instance"
grafana-1     | logger=migrator t=2026-04-20T08:17:08.192079788Z level=info msg="Migration successfully executed" id="add index rule_org_id, rule_uid, current_state on alert_instance" duration=350.627µs
grafana-1     | logger=migrator t=2026-04-20T08:17:08.194115299Z level=info msg="Executing migration" id="add index rule_org_id, current_state on alert_instance"
grafana-1     | logger=migrator t=2026-04-20T08:17:08.194370759Z level=info msg="Migration successfully executed" id="add index rule_org_id, current_state on alert_instance" duration=255.918µs
grafana-1     | logger=migrator t=2026-04-20T08:17:08.195707183Z level=info msg="Executing migration" id="add current_reason column related to current_state"
grafana-1     | logger=migrator t=2026-04-20T08:17:08.196337811Z level=info msg="Migration successfully executed" id="add current_reason column related to current_state" duration=631.003µs
grafana-1     | logger=migrator t=2026-04-20T08:17:08.197550068Z level=info msg="Executing migration" id="add result_fingerprint column to alert_instance"
grafana-1     | logger=migrator t=2026-04-20T08:17:08.198134738Z level=info msg="Migration successfully executed" id="add result_fingerprint column to alert_instance" duration=589.42µs
grafana-1     | logger=migrator t=2026-04-20T08:17:08.200912961Z level=info msg="Executing migration" id="create alert_rule table"
grafana-1     | logger=migrator t=2026-04-20T08:17:08.201189587Z level=info msg="Migration successfully executed" id="create alert_rule table" duration=263.46µs
grafana-1     | logger=migrator t=2026-04-20T08:17:08.20387731Z level=info msg="Executing migration" id="add index in alert_rule on org_id and title columns"
grafana-1     | logger=migrator t=2026-04-20T08:17:08.20411852Z level=info msg="Migration successfully executed" id="add index in alert_rule on org_id and title columns" duration=241.418µs
grafana-1     | logger=migrator t=2026-04-20T08:17:08.205917821Z level=info msg="Executing migration" id="add index in alert_rule on org_id and uid columns"
grafana-1     | logger=migrator t=2026-04-20T08:17:08.206123364Z level=info msg="Migration successfully executed" id="add index in alert_rule on org_id and uid columns" duration=206.959µs
grafana-1     | logger=migrator t=2026-04-20T08:17:08.207899665Z level=info msg="Executing migration" id="add index in alert_rule on org_id, namespace_uid, group_uid columns"
grafana-1     | logger=migrator t=2026-04-20T08:17:08.208217875Z level=info msg="Migration successfully executed" id="add index in alert_rule on org_id, namespace_uid, group_uid columns" duration=308.544µs
grafana-1     | logger=migrator t=2026-04-20T08:17:08.209517965Z level=info msg="Executing migration" id="alter alert_rule table data column to mediumtext in mysql"
grafana-1     | logger=migrator t=2026-04-20T08:17:08.209554091Z level=info msg="Migration successfully executed" id="alter alert_rule table data column to mediumtext in mysql" duration=36.376µs
grafana-1     | logger=migrator t=2026-04-20T08:17:08.211478851Z level=info msg="Executing migration" id="add column for to alert_rule"
grafana-1     | logger=migrator t=2026-04-20T08:17:08.212288855Z level=info msg="Migration successfully executed" id="add column for to alert_rule" duration=810.13µs
grafana-1     | logger=migrator t=2026-04-20T08:17:08.21374728Z level=info msg="Executing migration" id="add column annotations to alert_rule"
grafana-1     | logger=migrator t=2026-04-20T08:17:08.21441595Z level=info msg="Migration successfully executed" id="add column annotations to alert_rule" duration=669.712µs
grafana-1     | logger=migrator t=2026-04-20T08:17:08.216623795Z level=info msg="Executing migration" id="add column labels to alert_rule"
grafana-1     | logger=migrator t=2026-04-20T08:17:08.217351091Z level=info msg="Migration successfully executed" id="add column labels to alert_rule" duration=727.878µs
grafana-1     | logger=migrator t=2026-04-20T08:17:08.219874688Z level=info msg="Executing migration" id="remove unique index from alert_rule on org_id, title columns"
grafana-1     | logger=migrator t=2026-04-20T08:17:08.220081939Z level=info msg="Migration successfully executed" id="remove unique index from alert_rule on org_id, title columns" duration=208.501µs
grafana-1     | logger=migrator t=2026-04-20T08:17:08.222395451Z level=info msg="Executing migration" id="add index in alert_rule on org_id, namespase_uid and title columns"
grafana-1     | logger=migrator t=2026-04-20T08:17:08.222565952Z level=info msg="Migration successfully executed" id="add index in alert_rule on org_id, namespase_uid and title columns" duration=170.834µs
grafana-1     | logger=migrator t=2026-04-20T08:17:08.225557135Z level=info msg="Executing migration" id="add dashboard_uid column to alert_rule"
grafana-1     | logger=migrator t=2026-04-20T08:17:08.226191388Z level=info msg="Migration successfully executed" id="add dashboard_uid column to alert_rule" duration=635.128µs
grafana-1     | logger=migrator t=2026-04-20T08:17:08.228598693Z level=info msg="Executing migration" id="add panel_id column to alert_rule"
grafana-1     | logger=migrator t=2026-04-20T08:17:08.229313988Z level=info msg="Migration successfully executed" id="add panel_id column to alert_rule" duration=715.462µs
grafana-1     | logger=migrator t=2026-04-20T08:17:08.234663309Z level=info msg="Executing migration" id="add index in alert_rule on org_id, dashboard_uid and panel_id columns"
grafana-1     | logger=migrator t=2026-04-20T08:17:08.234886018Z level=info msg="Migration successfully executed" id="add index in alert_rule on org_id, dashboard_uid and panel_id columns" duration=224.002µs
grafana-1     | logger=migrator t=2026-04-20T08:17:08.23916475Z level=info msg="Executing migration" id="add rule_group_idx column to alert_rule"
grafana-1     | logger=migrator t=2026-04-20T08:17:08.240009879Z level=info msg="Migration successfully executed" id="add rule_group_idx column to alert_rule" duration=844.63µs
grafana-1     | logger=migrator t=2026-04-20T08:17:08.243780066Z level=info msg="Executing migration" id="add is_paused column to alert_rule table"
grafana-1     | logger=migrator t=2026-04-20T08:17:08.244411278Z level=info msg="Migration successfully executed" id="add is_paused column to alert_rule table" duration=631.379µs
grafana-1     | logger=migrator t=2026-04-20T08:17:08.248122923Z level=info msg="Executing migration" id="fix is_paused column for alert_rule table"
grafana-1     | logger=migrator t=2026-04-20T08:17:08.248130048Z level=info msg="Migration successfully executed" id="fix is_paused column for alert_rule table" duration=7.709µs
grafana-1     | logger=migrator t=2026-04-20T08:17:08.250260184Z level=info msg="Executing migration" id="alter table alert_rule alter column rule_group_idx type to bigint"
grafana-1     | logger=migrator t=2026-04-20T08:17:08.250272976Z level=info msg="Migration successfully executed" id="alter table alert_rule alter column rule_group_idx type to bigint" duration=13.542µs
grafana-1     | logger=migrator t=2026-04-20T08:17:08.252419487Z level=info msg="Executing migration" id="create alert_rule_version table"
grafana-1     | logger=migrator t=2026-04-20T08:17:08.252653864Z level=info msg="Migration successfully executed" id="create alert_rule_version table" duration=234.543µs
grafana-1     | logger=migrator t=2026-04-20T08:17:08.257498556Z level=info msg="Executing migration" id="add index in alert_rule_version table on rule_org_id, rule_uid and version columns"
grafana-1     | logger=migrator t=2026-04-20T08:17:08.257679807Z level=info msg="Migration successfully executed" id="add index in alert_rule_version table on rule_org_id, rule_uid and version columns" duration=181.835µs
grafana-1     | logger=migrator t=2026-04-20T08:17:08.264920013Z level=info msg="Executing migration" id="add index in alert_rule_version table on rule_org_id, rule_namespace_uid and rule_group columns"
grafana-1     | logger=migrator t=2026-04-20T08:17:08.265099222Z level=info msg="Migration successfully executed" id="add index in alert_rule_version table on rule_org_id, rule_namespace_uid and rule_group columns" duration=179.793µs
grafana-1     | logger=migrator t=2026-04-20T08:17:08.267244567Z level=info msg="Executing migration" id="alter alert_rule_version table data column to mediumtext in mysql"
grafana-1     | logger=migrator t=2026-04-20T08:17:08.26725415Z level=info msg="Migration successfully executed" id="alter alert_rule_version table data column to mediumtext in mysql" duration=15.458µs
grafana-1     | logger=migrator t=2026-04-20T08:17:08.268833117Z level=info msg="Executing migration" id="add column for to alert_rule_version"
grafana-1     | logger=migrator t=2026-04-20T08:17:08.270639294Z level=info msg="Migration successfully executed" id="add column for to alert_rule_version" duration=1.806676ms
grafana-1     | logger=migrator t=2026-04-20T08:17:08.276112615Z level=info msg="Executing migration" id="add column annotations to alert_rule_version"
grafana-1     | logger=migrator t=2026-04-20T08:17:08.27686416Z level=info msg="Migration successfully executed" id="add column annotations to alert_rule_version" duration=752.254µs
grafana-1     | logger=migrator t=2026-04-20T08:17:08.282341773Z level=info msg="Executing migration" id="add column labels to alert_rule_version"
grafana-1     | logger=migrator t=2026-04-20T08:17:08.283107736Z level=info msg="Migration successfully executed" id="add column labels to alert_rule_version" duration=766.921µs
grafana-1     | logger=migrator t=2026-04-20T08:17:08.288932225Z level=info msg="Executing migration" id="add rule_group_idx column to alert_rule_version"
grafana-1     | logger=migrator t=2026-04-20T08:17:08.289678396Z level=info msg="Migration successfully executed" id="add rule_group_idx column to alert_rule_version" duration=746.712µs
grafana-1     | logger=migrator t=2026-04-20T08:17:08.29171074Z level=info msg="Executing migration" id="add is_paused column to alert_rule_versions table"
grafana-1     | logger=migrator t=2026-04-20T08:17:08.292505244Z level=info msg="Migration successfully executed" id="add is_paused column to alert_rule_versions table" duration=794.962µs
grafana-1     | logger=migrator t=2026-04-20T08:17:08.294556547Z level=info msg="Executing migration" id="fix is_paused column for alert_rule_version table"
grafana-1     | logger=migrator t=2026-04-20T08:17:08.294564714Z level=info msg="Migration successfully executed" id="fix is_paused column for alert_rule_version table" duration=8.667µs
grafana-1     | logger=migrator t=2026-04-20T08:17:08.296650558Z level=info msg="Executing migration" id="alter table alert_rule_version alter column rule_group_idx type to bigint"
grafana-1     | logger=migrator t=2026-04-20T08:17:08.296657892Z level=info msg="Migration successfully executed" id="alter table alert_rule_version alter column rule_group_idx type to bigint" duration=7.667µs
grafana-1     | logger=migrator t=2026-04-20T08:17:08.300076202Z level=info msg="Executing migration" id=create_alert_configuration_table
grafana-1     | logger=migrator t=2026-04-20T08:17:08.300229661Z level=info msg="Migration successfully executed" id=create_alert_configuration_table duration=154.209µs
grafana-1     | logger=migrator t=2026-04-20T08:17:08.30312301Z level=info msg="Executing migration" id="Add column default in alert_configuration"
grafana-1     | logger=migrator t=2026-04-20T08:17:08.303746305Z level=info msg="Migration successfully executed" id="Add column default in alert_configuration" duration=623.837µs
grafana-1     | logger=migrator t=2026-04-20T08:17:08.305642232Z level=info msg="Executing migration" id="alert alert_configuration alertmanager_configuration column from TEXT to MEDIUMTEXT if mysql"
grafana-1     | logger=migrator t=2026-04-20T08:17:08.305660273Z level=info msg="Migration successfully executed" id="alert alert_configuration alertmanager_configuration column from TEXT to MEDIUMTEXT if mysql" duration=14.292µs
grafana-1     | logger=migrator t=2026-04-20T08:17:08.306850238Z level=info msg="Executing migration" id="add column org_id in alert_configuration"
grafana-1     | logger=migrator t=2026-04-20T08:17:08.3074417Z level=info msg="Migration successfully executed" id="add column org_id in alert_configuration" duration=591.837µs
grafana-1     | logger=migrator t=2026-04-20T08:17:08.308689331Z level=info msg="Executing migration" id="add index in alert_configuration table on org_id column"
grafana-1     | logger=migrator t=2026-04-20T08:17:08.308835624Z level=info msg="Migration successfully executed" id="add index in alert_configuration table on org_id column" duration=146.167µs
grafana-1     | logger=migrator t=2026-04-20T08:17:08.312701811Z level=info msg="Executing migration" id="add configuration_hash column to alert_configuration"
grafana-1     | logger=migrator t=2026-04-20T08:17:08.313319231Z level=info msg="Migration successfully executed" id="add configuration_hash column to alert_configuration" duration=617.879µs
grafana-1     | logger=migrator t=2026-04-20T08:17:08.31712446Z level=info msg="Executing migration" id=create_ngalert_configuration_table
grafana-1     | logger=migrator t=2026-04-20T08:17:08.317420128Z level=info msg="Migration successfully executed" id=create_ngalert_configuration_table duration=296.377µs
grafana-1     | logger=migrator t=2026-04-20T08:17:08.318589801Z level=info msg="Executing migration" id="add index in ngalert_configuration on org_id column"
grafana-1     | logger=migrator t=2026-04-20T08:17:08.318903761Z level=info msg="Migration successfully executed" id="add index in ngalert_configuration on org_id column" duration=311.668µs
grafana-1     | logger=migrator t=2026-04-20T08:17:08.32210782Z level=info msg="Executing migration" id="add column send_alerts_to in ngalert_configuration"
grafana-1     | logger=migrator t=2026-04-20T08:17:08.32274824Z level=info msg="Migration successfully executed" id="add column send_alerts_to in ngalert_configuration" duration=641.087µs
grafana-1     | logger=migrator t=2026-04-20T08:17:08.324806876Z level=info msg="Executing migration" id="create provenance_type table"
grafana-1     | logger=migrator t=2026-04-20T08:17:08.325100295Z level=info msg="Migration successfully executed" id="create provenance_type table" duration=294.043µs
grafana-1     | logger=migrator t=2026-04-20T08:17:08.327691183Z level=info msg="Executing migration" id="add index to uniquify (record_key, record_type, org_id) columns"
grafana-1     | logger=migrator t=2026-04-20T08:17:08.328052102Z level=info msg="Migration successfully executed" id="add index to uniquify (record_key, record_type, org_id) columns" duration=361.21µs
grafana-1     | logger=migrator t=2026-04-20T08:17:08.331554371Z level=info msg="Executing migration" id="create alert_image table"
grafana-1     | logger=migrator t=2026-04-20T08:17:08.331913998Z level=info msg="Migration successfully executed" id="create alert_image table" duration=359.669µs
grafana-1     | logger=migrator t=2026-04-20T08:17:08.334130885Z level=info msg="Executing migration" id="add unique index on token to alert_image table"
grafana-1     | logger=migrator t=2026-04-20T08:17:08.334451345Z level=info msg="Migration successfully executed" id="add unique index on token to alert_image table" duration=321.085µs
grafana-1     | logger=migrator t=2026-04-20T08:17:08.338879035Z level=info msg="Executing migration" id="support longer URLs in alert_image table"
grafana-1     | logger=migrator t=2026-04-20T08:17:08.338995827Z level=info msg="Migration successfully executed" id="support longer URLs in alert_image table" duration=117.876µs
grafana-1     | logger=migrator t=2026-04-20T08:17:08.342787723Z level=info msg="Executing migration" id=create_alert_configuration_history_table
grafana-1     | logger=migrator t=2026-04-20T08:17:08.343056974Z level=info msg="Migration successfully executed" id=create_alert_configuration_history_table duration=270.21µs
grafana-1     | logger=migrator t=2026-04-20T08:17:08.344362315Z level=info msg="Executing migration" id="drop non-unique orgID index on alert_configuration"
grafana-1     | logger=migrator t=2026-04-20T08:17:08.344539191Z level=info msg="Migration successfully executed" id="drop non-unique orgID index on alert_configuration" duration=176.959µs
grafana-1     | logger=migrator t=2026-04-20T08:17:08.345722239Z level=info msg="Executing migration" id="drop unique orgID index on alert_configuration if exists"
grafana-1     | logger=migrator t=2026-04-20T08:17:08.345836614Z level=warn msg="Skipping migration: Already executed, but not recorded in migration log" id="drop unique orgID index on alert_configuration if exists"
grafana-1     | logger=migrator t=2026-04-20T08:17:08.347460248Z level=info msg="Executing migration" id="extract alertmanager configuration history to separate table"
grafana-1     | logger=migrator t=2026-04-20T08:17:08.347647416Z level=info msg="Migration successfully executed" id="extract alertmanager configuration history to separate table" duration=190.167µs
grafana-1     | logger=migrator t=2026-04-20T08:17:08.349251133Z level=info msg="Executing migration" id="add unique index on orgID to alert_configuration"
grafana-1     | logger=migrator t=2026-04-20T08:17:08.349557468Z level=info msg="Migration successfully executed" id="add unique index on orgID to alert_configuration" duration=301.002µs
grafana-1     | logger=migrator t=2026-04-20T08:17:08.350640682Z level=info msg="Executing migration" id="add last_applied column to alert_configuration_history"
grafana-1     | logger=migrator t=2026-04-20T08:17:08.351417186Z level=info msg="Migration successfully executed" id="add last_applied column to alert_configuration_history" duration=772.63µs
grafana-1     | logger=migrator t=2026-04-20T08:17:08.353206654Z level=info msg="Executing migration" id="add message column to alert_rule_version"
grafana-1     | logger=migrator t=2026-04-20T08:17:08.354027492Z level=info msg="Migration successfully executed" id="add message column to alert_rule_version" duration=821.255µs
grafana-1     | logger=migrator t=2026-04-20T08:17:08.355490958Z level=info msg="Executing migration" id="add column external_alertmanager_uid in ngalert_configuration"
grafana-1     | logger=migrator t=2026-04-20T08:17:08.356368129Z level=info msg="Migration successfully executed" id="add column external_alertmanager_uid in ngalert_configuration" duration=877.588µs
grafana-1     | logger=migrator t=2026-04-20T08:17:08.35838589Z level=info msg="Executing migration" id="create library_element table v1"
grafana-1     | logger=migrator t=2026-04-20T08:17:08.358693517Z level=info msg="Migration successfully executed" id="create library_element table v1" duration=308.044µs
grafana-1     | logger=migrator t=2026-04-20T08:17:08.35990694Z level=info msg="Executing migration" id="add index library_element org_id-folder_id-name-kind"
grafana-1     | logger=migrator t=2026-04-20T08:17:08.360275817Z level=info msg="Migration successfully executed" id="add index library_element org_id-folder_id-name-kind" duration=369.669µs
grafana-1     | logger=migrator t=2026-04-20T08:17:08.361632782Z level=info msg="Executing migration" id="create library_element_connection table v1"
grafana-1     | logger=migrator t=2026-04-20T08:17:08.361864034Z level=info msg="Migration successfully executed" id="create library_element_connection table v1" duration=232.002µs
grafana-1     | logger=migrator t=2026-04-20T08:17:08.363666377Z level=info msg="Executing migration" id="add index library_element_connection element_id-kind-connection_id"
grafana-1     | logger=migrator t=2026-04-20T08:17:08.363894045Z level=info msg="Migration successfully executed" id="add index library_element_connection element_id-kind-connection_id" duration=227.793µs
grafana-1     | logger=migrator t=2026-04-20T08:17:08.365818597Z level=info msg="Executing migration" id="add unique index library_element org_id_uid"
grafana-1     | logger=migrator t=2026-04-20T08:17:08.366254932Z level=info msg="Migration successfully executed" id="add unique index library_element org_id_uid" duration=434.461µs
grafana-1     | logger=migrator t=2026-04-20T08:17:08.367620315Z level=info msg="Executing migration" id="increase max description length to 2048"
grafana-1     | logger=migrator t=2026-04-20T08:17:08.367678857Z level=info msg="Migration successfully executed" id="increase max description length to 2048" duration=59.042µs
grafana-1     | logger=migrator t=2026-04-20T08:17:08.369397616Z level=info msg="Executing migration" id="alter library_element model to mediumtext"
grafana-1     | logger=migrator t=2026-04-20T08:17:08.369464783Z level=info msg="Migration successfully executed" id="alter library_element model to mediumtext" duration=68.042µs
grafana-1     | logger=migrator t=2026-04-20T08:17:08.37078404Z level=info msg="Executing migration" id="add library_element folder uid"
grafana-1     | logger=migrator t=2026-04-20T08:17:08.371590669Z level=info msg="Migration successfully executed" id="add library_element folder uid" duration=803.546µs
grafana-1     | logger=migrator t=2026-04-20T08:17:08.372794467Z level=info msg="Executing migration" id="populate library_element folder_uid"
grafana-1     | logger=migrator t=2026-04-20T08:17:08.373022677Z level=info msg="Migration successfully executed" id="populate library_element folder_uid" duration=229.918µs
grafana-1     | logger=migrator t=2026-04-20T08:17:08.37476402Z level=info msg="Executing migration" id="add index library_element org_id-folder_uid-name-kind"
grafana-1     | logger=migrator t=2026-04-20T08:17:08.375134188Z level=info msg="Migration successfully executed" id="add index library_element org_id-folder_uid-name-kind" duration=374.586µs
grafana-1     | logger=migrator t=2026-04-20T08:17:08.377316033Z level=info msg="Executing migration" id="drop unique name in folder index (id)"
grafana-1     | logger=migrator t=2026-04-20T08:17:08.377666827Z level=info msg="Migration successfully executed" id="drop unique name in folder index (id)" duration=351.502µs
grafana-1     | logger=migrator t=2026-04-20T08:17:08.379960506Z level=info msg="Executing migration" id="drop unique name in folder index"
grafana-1     | logger=migrator t=2026-04-20T08:17:08.380283383Z level=info msg="Migration successfully executed" id="drop unique name in folder index" duration=323.418µs
grafana-1     | logger=migrator t=2026-04-20T08:17:08.382750187Z level=info msg="Executing migration" id="clone move dashboard alerts to unified alerting"
grafana-1     | logger=migrator t=2026-04-20T08:17:08.383284024Z level=info msg="Migration successfully executed" id="clone move dashboard alerts to unified alerting" duration=534.753µs
grafana-1     | logger=migrator t=2026-04-20T08:17:08.387329879Z level=info msg="Executing migration" id="create data_keys table"
grafana-1     | logger=migrator t=2026-04-20T08:17:08.38760138Z level=info msg="Migration successfully executed" id="create data_keys table" duration=272.585µs
grafana-1     | logger=migrator t=2026-04-20T08:17:08.388806345Z level=info msg="Executing migration" id="create secrets table"
grafana-1     | logger=migrator t=2026-04-20T08:17:08.38909043Z level=info msg="Migration successfully executed" id="create secrets table" duration=284.21µs
grafana-1     | logger=migrator t=2026-04-20T08:17:08.391701736Z level=info msg="Executing migration" id="rename data_keys name column to id"
grafana-1     | logger=migrator t=2026-04-20T08:17:08.394874878Z level=info msg="Migration successfully executed" id="rename data_keys name column to id" duration=3.173767ms
grafana-1     | logger=migrator t=2026-04-20T08:17:08.396894722Z level=info msg="Executing migration" id="add name column into data_keys"
grafana-1     | logger=migrator t=2026-04-20T08:17:08.39778356Z level=info msg="Migration successfully executed" id="add name column into data_keys" duration=890.089µs
grafana-1     | logger=migrator t=2026-04-20T08:17:08.39992253Z level=info msg="Executing migration" id="copy data_keys id column values into name"
grafana-1     | logger=migrator t=2026-04-20T08:17:08.400084239Z level=info msg="Migration successfully executed" id="copy data_keys id column values into name" duration=163.126µs
grafana-1     | logger=migrator t=2026-04-20T08:17:08.401842707Z level=info msg="Executing migration" id="rename data_keys name column to label"
grafana-1     | logger=migrator t=2026-04-20T08:17:08.405113724Z level=info msg="Migration successfully executed" id="rename data_keys name column to label" duration=3.270309ms
grafana-1     | logger=migrator t=2026-04-20T08:17:08.407664613Z level=info msg="Executing migration" id="rename data_keys id column back to name"
grafana-1     | logger=migrator t=2026-04-20T08:17:08.410929797Z level=info msg="Migration successfully executed" id="rename data_keys id column back to name" duration=3.263518ms
grafana-1     | logger=migrator t=2026-04-20T08:17:08.413197309Z level=info msg="Executing migration" id="create kv_store table v1"
grafana-1     | logger=migrator t=2026-04-20T08:17:08.41359827Z level=info msg="Migration successfully executed" id="create kv_store table v1" duration=401.044µs
grafana-1     | logger=migrator t=2026-04-20T08:17:08.416768287Z level=info msg="Executing migration" id="add index kv_store.org_id-namespace-key"
grafana-1     | logger=migrator t=2026-04-20T08:17:08.417063247Z level=info msg="Migration successfully executed" id="add index kv_store.org_id-namespace-key" duration=295.877µs
grafana-1     | logger=migrator t=2026-04-20T08:17:08.419349051Z level=info msg="Executing migration" id="update dashboard_uid and panel_id from existing annotations"
grafana-1     | logger=migrator t=2026-04-20T08:17:08.419572302Z level=info msg="Migration successfully executed" id="update dashboard_uid and panel_id from existing annotations" duration=224.835µs
grafana-1     | logger=migrator t=2026-04-20T08:17:08.422369192Z level=info msg="Executing migration" id="create permission table"
grafana-1     | logger=migrator t=2026-04-20T08:17:08.422627193Z level=info msg="Migration successfully executed" id="create permission table" duration=259.043µs
grafana-1     | logger=migrator t=2026-04-20T08:17:08.424512787Z level=info msg="Executing migration" id="add unique index permission.role_id"
grafana-1     | logger=migrator t=2026-04-20T08:17:08.424808163Z level=info msg="Migration successfully executed" id="add unique index permission.role_id" duration=296.085µs
grafana-1     | logger=migrator t=2026-04-20T08:17:08.42672684Z level=info msg="Executing migration" id="add unique index role_id_action_scope"
grafana-1     | logger=migrator t=2026-04-20T08:17:08.427050467Z level=info msg="Migration successfully executed" id="add unique index role_id_action_scope" duration=324.793µs
grafana-1     | logger=migrator t=2026-04-20T08:17:08.428554725Z level=info msg="Executing migration" id="create role table"
grafana-1     | logger=migrator t=2026-04-20T08:17:08.428802143Z level=info msg="Migration successfully executed" id="create role table" duration=247.751µs
grafana-1     | logger=migrator t=2026-04-20T08:17:08.430582028Z level=info msg="Executing migration" id="add column display_name"
grafana-1     | logger=migrator t=2026-04-20T08:17:08.431453407Z level=info msg="Migration successfully executed" id="add column display_name" duration=871.504µs
grafana-1     | logger=migrator t=2026-04-20T08:17:08.433950462Z level=info msg="Executing migration" id="add column group_name"
grafana-1     | logger=migrator t=2026-04-20T08:17:08.434963718Z level=info msg="Migration successfully executed" id="add column group_name" duration=1.012172ms
grafana-1     | logger=migrator t=2026-04-20T08:17:08.439720952Z level=info msg="Executing migration" id="add index role.org_id"
grafana-1     | logger=migrator t=2026-04-20T08:17:08.440062245Z level=info msg="Migration successfully executed" id="add index role.org_id" duration=336.585µs
grafana-1     | logger=migrator t=2026-04-20T08:17:08.442260257Z level=info msg="Executing migration" id="add unique index role_org_id_name"
grafana-1     | logger=migrator t=2026-04-20T08:17:08.442638467Z level=info msg="Migration successfully executed" id="add unique index role_org_id_name" duration=379.21µs
grafana-1     | logger=migrator t=2026-04-20T08:17:08.445763109Z level=info msg="Executing migration" id="add index role_org_id_uid"
grafana-1     | logger=migrator t=2026-04-20T08:17:08.446046111Z level=info msg="Migration successfully executed" id="add index role_org_id_uid" duration=283.418µs
grafana-1     | logger=migrator t=2026-04-20T08:17:08.447783953Z level=info msg="Executing migration" id="create team role table"
grafana-1     | logger=migrator t=2026-04-20T08:17:08.448076122Z level=info msg="Migration successfully executed" id="create team role table" duration=292.835µs
grafana-1     | logger=migrator t=2026-04-20T08:17:08.450254467Z level=info msg="Executing migration" id="add index team_role.org_id"
grafana-1     | logger=migrator t=2026-04-20T08:17:08.450458218Z level=info msg="Migration successfully executed" id="add index team_role.org_id" duration=204.876µs
grafana-1     | logger=migrator t=2026-04-20T08:17:08.452561896Z level=info msg="Executing migration" id="add unique index team_role_org_id_team_id_role_id"
grafana-1     | logger=migrator t=2026-04-20T08:17:08.452920648Z level=info msg="Migration successfully executed" id="add unique index team_role_org_id_team_id_role_id" duration=355.127µs
grafana-1     | logger=migrator t=2026-04-20T08:17:08.455792246Z level=info msg="Executing migration" id="add index team_role.team_id"
grafana-1     | logger=migrator t=2026-04-20T08:17:08.456016706Z level=info msg="Migration successfully executed" id="add index team_role.team_id" duration=224.834µs
grafana-1     | logger=migrator t=2026-04-20T08:17:08.4596366Z level=info msg="Executing migration" id="create user role table"
grafana-1     | logger=migrator t=2026-04-20T08:17:08.45982381Z level=info msg="Migration successfully executed" id="create user role table" duration=188.542µs
grafana-1     | logger=migrator t=2026-04-20T08:17:08.461479402Z level=info msg="Executing migration" id="add index user_role.org_id"
grafana-1     | logger=migrator t=2026-04-20T08:17:08.461803195Z level=info msg="Migration successfully executed" id="add index user_role.org_id" duration=323.876µs
grafana-1     | logger=migrator t=2026-04-20T08:17:08.463723914Z level=info msg="Executing migration" id="add unique index user_role_org_id_user_id_role_id"
grafana-1     | logger=migrator t=2026-04-20T08:17:08.463949457Z level=info msg="Migration successfully executed" id="add unique index user_role_org_id_user_id_role_id" duration=225.709µs
grafana-1     | logger=migrator t=2026-04-20T08:17:08.465829259Z level=info msg="Executing migration" id="add index user_role.user_id"
grafana-1     | logger=migrator t=2026-04-20T08:17:08.466093677Z level=info msg="Migration successfully executed" id="add index user_role.user_id" duration=265.043µs
grafana-1     | logger=migrator t=2026-04-20T08:17:08.468335814Z level=info msg="Executing migration" id="create builtin role table"
grafana-1     | logger=migrator t=2026-04-20T08:17:08.468604774Z level=info msg="Migration successfully executed" id="create builtin role table" duration=269.835µs
grafana-1     | logger=migrator t=2026-04-20T08:17:08.472984047Z level=info msg="Executing migration" id="add index builtin_role.role_id"
grafana-1     | logger=migrator t=2026-04-20T08:17:08.473220673Z level=info msg="Migration successfully executed" id="add index builtin_role.role_id" duration=237.918µs
grafana-1     | logger=migrator t=2026-04-20T08:17:08.475340601Z level=info msg="Executing migration" id="add index builtin_role.name"
grafana-1     | logger=migrator t=2026-04-20T08:17:08.475667603Z level=info msg="Migration successfully executed" id="add index builtin_role.name" duration=337.002µs
grafana-1     | logger=migrator t=2026-04-20T08:17:08.476986735Z level=info msg="Executing migration" id="Add column org_id to builtin_role table"
grafana-1     | logger=migrator t=2026-04-20T08:17:08.477986241Z level=info msg="Migration successfully executed" id="Add column org_id to builtin_role table" duration=999.047µs
grafana-1     | logger=migrator t=2026-04-20T08:17:08.479642208Z level=info msg="Executing migration" id="add index builtin_role.org_id"
grafana-1     | logger=migrator t=2026-04-20T08:17:08.479926001Z level=info msg="Migration successfully executed" id="add index builtin_role.org_id" duration=290.001µs
grafana-1     | logger=migrator t=2026-04-20T08:17:08.481344467Z level=info msg="Executing migration" id="add unique index builtin_role_org_id_role_id_role"
grafana-1     | logger=migrator t=2026-04-20T08:17:08.481555677Z level=info msg="Migration successfully executed" id="add unique index builtin_role_org_id_role_id_role" duration=211.46µs
grafana-1     | logger=migrator t=2026-04-20T08:17:08.483380228Z level=info msg="Executing migration" id="Remove unique index role_org_id_uid"
grafana-1     | logger=migrator t=2026-04-20T08:17:08.483616688Z level=info msg="Migration successfully executed" id="Remove unique index role_org_id_uid" duration=237.168µs
grafana-1     | logger=migrator t=2026-04-20T08:17:08.48469736Z level=info msg="Executing migration" id="add unique index role.uid"
grafana-1     | logger=migrator t=2026-04-20T08:17:08.484921403Z level=info msg="Migration successfully executed" id="add unique index role.uid" duration=224.126µs
grafana-1     | logger=migrator t=2026-04-20T08:17:08.486593037Z level=info msg="Executing migration" id="create seed assignment table"
grafana-1     | logger=migrator t=2026-04-20T08:17:08.486796746Z level=info msg="Migration successfully executed" id="create seed assignment table" duration=204.418µs
grafana-1     | logger=migrator t=2026-04-20T08:17:08.488870132Z level=info msg="Executing migration" id="add unique index builtin_role_role_name"
grafana-1     | logger=migrator t=2026-04-20T08:17:08.489215009Z level=info msg="Migration successfully executed" id="add unique index builtin_role_role_name" duration=344.211µs
grafana-1     | logger=migrator t=2026-04-20T08:17:08.491514605Z level=info msg="Executing migration" id="add column hidden to role table"
grafana-1     | logger=migrator t=2026-04-20T08:17:08.492478069Z level=info msg="Migration successfully executed" id="add column hidden to role table" duration=963.839µs
grafana-1     | logger=migrator t=2026-04-20T08:17:08.494668622Z level=info msg="Executing migration" id="permission kind migration"
grafana-1     | logger=migrator t=2026-04-20T08:17:08.49546996Z level=info msg="Migration successfully executed" id="permission kind migration" duration=801.754µs
grafana-1     | logger=migrator t=2026-04-20T08:17:08.496809675Z level=info msg="Executing migration" id="permission attribute migration"
grafana-1     | logger=migrator t=2026-04-20T08:17:08.497606179Z level=info msg="Migration successfully executed" id="permission attribute migration" duration=796.671µs
grafana-1     | logger=migrator t=2026-04-20T08:17:08.499254147Z level=info msg="Executing migration" id="permission identifier migration"
grafana-1     | logger=migrator t=2026-04-20T08:17:08.50019211Z level=info msg="Migration successfully executed" id="permission identifier migration" duration=937.88µs
grafana-1     | logger=migrator t=2026-04-20T08:17:08.502098704Z level=info msg="Executing migration" id="add permission identifier index"
grafana-1     | logger=migrator t=2026-04-20T08:17:08.502319871Z level=info msg="Migration successfully executed" id="add permission identifier index" duration=259.293µs
grafana-1     | logger=migrator t=2026-04-20T08:17:08.505282096Z level=info msg="Executing migration" id="add permission action scope role_id index"
grafana-1     | logger=migrator t=2026-04-20T08:17:08.505543472Z level=info msg="Migration successfully executed" id="add permission action scope role_id index" duration=261.46µs
grafana-1     | logger=migrator t=2026-04-20T08:17:08.506837521Z level=info msg="Executing migration" id="remove permission role_id action scope index"
grafana-1     | logger=migrator t=2026-04-20T08:17:08.507070397Z level=info msg="Migration successfully executed" id="remove permission role_id action scope index" duration=234.168µs
grafana-1     | logger=migrator t=2026-04-20T08:17:08.509373326Z level=info msg="Executing migration" id="add group mapping UID column to user_role table"
grafana-1     | logger=migrator t=2026-04-20T08:17:08.510207789Z level=info msg="Migration successfully executed" id="add group mapping UID column to user_role table" duration=835.046µs
grafana-1     | logger=migrator t=2026-04-20T08:17:08.511760005Z level=info msg="Executing migration" id="add user_role org ID, user ID, role ID, group mapping UID index"
grafana-1     | logger=migrator t=2026-04-20T08:17:08.51201259Z level=info msg="Migration successfully executed" id="add user_role org ID, user ID, role ID, group mapping UID index" duration=253.293µs
grafana-1     | logger=migrator t=2026-04-20T08:17:08.513781266Z level=info msg="Executing migration" id="remove user_role org ID, user ID, role ID index"
grafana-1     | logger=migrator t=2026-04-20T08:17:08.514018309Z level=info msg="Migration successfully executed" id="remove user_role org ID, user ID, role ID index" duration=228.793µs
grafana-1     | logger=migrator t=2026-04-20T08:17:08.517109034Z level=info msg="Executing migration" id="add permission role_id action index"
grafana-1     | logger=migrator t=2026-04-20T08:17:08.517367369Z level=info msg="Migration successfully executed" id="add permission role_id action index" duration=259.127µs
grafana-1     | logger=migrator t=2026-04-20T08:17:08.519327588Z level=info msg="Executing migration" id="Remove permission role_id index"
grafana-1     | logger=migrator t=2026-04-20T08:17:08.519538839Z level=info msg="Migration successfully executed" id="Remove permission role_id index" duration=212.501µs
grafana-1     | logger=migrator t=2026-04-20T08:17:08.521088347Z level=info msg="Executing migration" id="add permission role_id scope index"
grafana-1     | logger=migrator t=2026-04-20T08:17:08.521361307Z level=info msg="Migration successfully executed" id="add permission role_id scope index" duration=274.085µs
grafana-1     | logger=migrator t=2026-04-20T08:17:08.523066108Z level=info msg="Executing migration" id="alter permission.kind to length 80"
grafana-1     | logger=migrator t=2026-04-20T08:17:08.523092483Z level=info msg="Migration successfully executed" id="alter permission.kind to length 80" duration=27.042µs
grafana-1     | logger=migrator t=2026-04-20T08:17:08.52498566Z level=info msg="Executing migration" id="add datasource_type column to permission table"
grafana-1     | logger=migrator t=2026-04-20T08:17:08.525750831Z level=info msg="Migration successfully executed" id="add datasource_type column to permission table" duration=765.379µs
grafana-1     | logger=migrator t=2026-04-20T08:17:08.527881634Z level=info msg="Executing migration" id="populate datasource_type in permission table for uid-scoped datasource permissions"
grafana-1     | logger=migrator t=2026-04-20T08:17:08.527983551Z level=info msg="Migration successfully executed" id="populate datasource_type in permission table for uid-scoped datasource permissions" duration=103.126µs
grafana-1     | logger=migrator t=2026-04-20T08:17:08.529858311Z level=info msg="Executing migration" id="create query_history table v1"
grafana-1     | logger=migrator t=2026-04-20T08:17:08.530004645Z level=info msg="Migration successfully executed" id="create query_history table v1" duration=146.792µs
grafana-1     | logger=migrator t=2026-04-20T08:17:08.531524362Z level=info msg="Executing migration" id="add index query_history.org_id-created_by-datasource_uid"
grafana-1     | logger=migrator t=2026-04-20T08:17:08.53180278Z level=info msg="Migration successfully executed" id="add index query_history.org_id-created_by-datasource_uid" duration=281.668µs
grafana-1     | logger=migrator t=2026-04-20T08:17:08.533585206Z level=info msg="Executing migration" id="alter table query_history alter column created_by type to bigint"
grafana-1     | logger=migrator t=2026-04-20T08:17:08.533601748Z level=info msg="Migration successfully executed" id="alter table query_history alter column created_by type to bigint" duration=15.041µs
grafana-1     | logger=migrator t=2026-04-20T08:17:08.535605467Z level=info msg="Executing migration" id="create query_history_details table v1"
grafana-1     | logger=migrator t=2026-04-20T08:17:08.535789468Z level=info msg="Migration successfully executed" id="create query_history_details table v1" duration=184.542µs
grafana-1     | logger=migrator t=2026-04-20T08:17:08.537913896Z level=info msg="Executing migration" id="rbac disabled migrator"
grafana-1     | logger=migrator t=2026-04-20T08:17:08.537964354Z level=info msg="Migration successfully executed" id="rbac disabled migrator" duration=51.542µs
grafana-1     | logger=migrator t=2026-04-20T08:17:08.542896714Z level=info msg="Executing migration" id="teams permissions migration"
grafana-1     | logger=migrator t=2026-04-20T08:17:08.543134007Z level=info msg="Migration successfully executed" id="teams permissions migration" duration=246.043µs
grafana-1     | logger=migrator t=2026-04-20T08:17:08.54547752Z level=info msg="Executing migration" id="dashboard permissions"
grafana-1     | logger=migrator t=2026-04-20T08:17:08.545704313Z level=info msg="Migration successfully executed" id="dashboard permissions" duration=228.084µs
grafana-1     | logger=migrator t=2026-04-20T08:17:08.547683115Z level=info msg="Executing migration" id="dashboard permissions uid scopes"
grafana-1     | logger=migrator t=2026-04-20T08:17:08.547852533Z level=info msg="Migration successfully executed" id="dashboard permissions uid scopes" duration=170.667µs
grafana-1     | logger=migrator t=2026-04-20T08:17:08.54990846Z level=info msg="Executing migration" id="drop managed folder create actions"
grafana-1     | logger=migrator t=2026-04-20T08:17:08.549980961Z level=info msg="Migration successfully executed" id="drop managed folder create actions" duration=73.501µs
grafana-1     | logger=migrator t=2026-04-20T08:17:08.55180547Z level=info msg="Executing migration" id="alerting notification permissions"
grafana-1     | logger=migrator t=2026-04-20T08:17:08.551987638Z level=info msg="Migration successfully executed" id="alerting notification permissions" duration=182.834µs
grafana-1     | logger=migrator t=2026-04-20T08:17:08.55363323Z level=info msg="Executing migration" id="create query_history_star table v1"
grafana-1     | logger=migrator t=2026-04-20T08:17:08.553898023Z level=info msg="Migration successfully executed" id="create query_history_star table v1" duration=265.918µs
grafana-1     | logger=migrator t=2026-04-20T08:17:08.55544674Z level=info msg="Executing migration" id="add index query_history.user_id-query_uid"
grafana-1     | logger=migrator t=2026-04-20T08:17:08.555686325Z level=info msg="Migration successfully executed" id="add index query_history.user_id-query_uid" duration=242.001µs
grafana-1     | logger=migrator t=2026-04-20T08:17:08.55823163Z level=info msg="Executing migration" id="add column org_id in query_history_star"
grafana-1     | logger=migrator t=2026-04-20T08:17:08.559088801Z level=info msg="Migration successfully executed" id="add column org_id in query_history_star" duration=857.338µs
grafana-1     | logger=migrator t=2026-04-20T08:17:08.56110702Z level=info msg="Executing migration" id="alter table query_history_star_mig column user_id type to bigint"
grafana-1     | logger=migrator t=2026-04-20T08:17:08.561140562Z level=info msg="Migration successfully executed" id="alter table query_history_star_mig column user_id type to bigint" duration=29.667µs
grafana-1     | logger=migrator t=2026-04-20T08:17:08.562932989Z level=info msg="Executing migration" id="create correlation table v1"
grafana-1     | logger=migrator t=2026-04-20T08:17:08.56323174Z level=info msg="Migration successfully executed" id="create correlation table v1" duration=290.709µs
grafana-1     | logger=migrator t=2026-04-20T08:17:08.565435794Z level=info msg="Executing migration" id="add index correlations.uid"
grafana-1     | logger=migrator t=2026-04-20T08:17:08.565748254Z level=info msg="Migration successfully executed" id="add index correlations.uid" duration=312.835µs
grafana-1     | logger=migrator t=2026-04-20T08:17:08.568458143Z level=info msg="Executing migration" id="add index correlations.source_uid"
grafana-1     | logger=migrator t=2026-04-20T08:17:08.568707561Z level=info msg="Migration successfully executed" id="add index correlations.source_uid" duration=250.543µs
grafana-1     | logger=migrator t=2026-04-20T08:17:08.570361362Z level=info msg="Executing migration" id="add correlation config column"
grafana-1     | logger=migrator t=2026-04-20T08:17:08.571168449Z level=info msg="Migration successfully executed" id="add correlation config column" duration=809.671µs
grafana-1     | logger=migrator t=2026-04-20T08:17:08.572332414Z level=info msg="Executing migration" id="drop index IDX_correlation_uid - v1"
grafana-1     | logger=migrator t=2026-04-20T08:17:08.572501748Z level=info msg="Migration successfully executed" id="drop index IDX_correlation_uid - v1" duration=169.459µs
grafana-1     | logger=migrator t=2026-04-20T08:17:08.573819255Z level=info msg="Executing migration" id="drop index IDX_correlation_source_uid - v1"
grafana-1     | logger=migrator t=2026-04-20T08:17:08.573990215Z level=info msg="Migration successfully executed" id="drop index IDX_correlation_source_uid - v1" duration=171.043µs
grafana-1     | logger=migrator t=2026-04-20T08:17:08.575163013Z level=info msg="Executing migration" id="Rename table correlation to correlation_tmp_qwerty - v1"
grafana-1     | logger=migrator t=2026-04-20T08:17:08.57715119Z level=info msg="Migration successfully executed" id="Rename table correlation to correlation_tmp_qwerty - v1" duration=1.98801ms
grafana-1     | logger=migrator t=2026-04-20T08:17:08.578268821Z level=info msg="Executing migration" id="create correlation v2"
grafana-1     | logger=migrator t=2026-04-20T08:17:08.57841053Z level=info msg="Migration successfully executed" id="create correlation v2" duration=141.792µs
grafana-1     | logger=migrator t=2026-04-20T08:17:08.57963012Z level=info msg="Executing migration" id="create index IDX_correlation_uid - v2"
grafana-1     | logger=migrator t=2026-04-20T08:17:08.579784579Z level=info msg="Migration successfully executed" id="create index IDX_correlation_uid - v2" duration=154.542µs
grafana-1     | logger=migrator t=2026-04-20T08:17:08.581055253Z level=info msg="Executing migration" id="create index IDX_correlation_source_uid - v2"
grafana-1     | logger=migrator t=2026-04-20T08:17:08.581209087Z level=info msg="Migration successfully executed" id="create index IDX_correlation_source_uid - v2" duration=154.084µs
grafana-1     | logger=migrator t=2026-04-20T08:17:08.58273897Z level=info msg="Executing migration" id="create index IDX_correlation_org_id - v2"
grafana-1     | logger=migrator t=2026-04-20T08:17:08.582924679Z level=info msg="Migration successfully executed" id="create index IDX_correlation_org_id - v2" duration=186.043µs
grafana-1     | logger=migrator t=2026-04-20T08:17:08.584360479Z level=info msg="Executing migration" id="copy correlation v1 to v2"
grafana-1     | logger=migrator t=2026-04-20T08:17:08.584435271Z level=info msg="Migration successfully executed" id="copy correlation v1 to v2" duration=75.208µs
grafana-1     | logger=migrator t=2026-04-20T08:17:08.585705611Z level=info msg="Executing migration" id="drop correlation_tmp_qwerty"
grafana-1     | logger=migrator t=2026-04-20T08:17:08.585901112Z level=info msg="Migration successfully executed" id="drop correlation_tmp_qwerty" duration=195.959µs
grafana-1     | logger=migrator t=2026-04-20T08:17:08.587178119Z level=info msg="Executing migration" id="add provisioning column"
grafana-1     | logger=migrator t=2026-04-20T08:17:08.587973415Z level=info msg="Migration successfully executed" id="add provisioning column" duration=798.671µs
grafana-1     | logger=migrator t=2026-04-20T08:17:08.589209421Z level=info msg="Executing migration" id="add type column"
grafana-1     | logger=migrator t=2026-04-20T08:17:08.58993105Z level=info msg="Migration successfully executed" id="add type column" duration=721.587µs
grafana-1     | logger=migrator t=2026-04-20T08:17:08.591132848Z level=info msg="Executing migration" id="create entity_events table"
grafana-1     | logger=migrator t=2026-04-20T08:17:08.591255432Z level=info msg="Migration successfully executed" id="create entity_events table" duration=122.709µs
grafana-1     | logger=migrator t=2026-04-20T08:17:08.592362605Z level=info msg="Executing migration" id="create dashboard public config v1"
grafana-1     | logger=migrator t=2026-04-20T08:17:08.592526523Z level=info msg="Migration successfully executed" id="create dashboard public config v1" duration=164.001µs
grafana-1     | logger=migrator t=2026-04-20T08:17:08.59359432Z level=info msg="Executing migration" id="drop index UQE_dashboard_public_config_uid - v1"
grafana-1     | logger=migrator t=2026-04-20T08:17:08.593682445Z level=warn msg="Skipping migration: Already executed, but not recorded in migration log" id="drop index UQE_dashboard_public_config_uid - v1"
grafana-1     | logger=migrator t=2026-04-20T08:17:08.59513937Z level=info msg="Executing migration" id="drop index IDX_dashboard_public_config_org_id_dashboard_uid - v1"
grafana-1     | logger=migrator t=2026-04-20T08:17:08.595256954Z level=warn msg="Skipping migration: Already executed, but not recorded in migration log" id="drop index IDX_dashboard_public_config_org_id_dashboard_uid - v1"
grafana-1     | logger=migrator t=2026-04-20T08:17:08.596365668Z level=info msg="Executing migration" id="Drop old dashboard public config table"
grafana-1     | logger=migrator t=2026-04-20T08:17:08.596577294Z level=info msg="Migration successfully executed" id="Drop old dashboard public config table" duration=215.585µs
grafana-1     | logger=migrator t=2026-04-20T08:17:08.597569425Z level=info msg="Executing migration" id="recreate dashboard public config v1"
grafana-1     | logger=migrator t=2026-04-20T08:17:08.597726217Z level=info msg="Migration successfully executed" id="recreate dashboard public config v1" duration=156.793µs
grafana-1     | logger=migrator t=2026-04-20T08:17:08.598726264Z level=info msg="Executing migration" id="create index UQE_dashboard_public_config_uid - v1"
grafana-1     | logger=migrator t=2026-04-20T08:17:08.598938599Z level=info msg="Migration successfully executed" id="create index UQE_dashboard_public_config_uid - v1" duration=212.626µs
grafana-1     | logger=migrator t=2026-04-20T08:17:08.600375565Z level=info msg="Executing migration" id="create index IDX_dashboard_public_config_org_id_dashboard_uid - v1"
grafana-1     | logger=migrator t=2026-04-20T08:17:08.600551482Z level=info msg="Migration successfully executed" id="create index IDX_dashboard_public_config_org_id_dashboard_uid - v1" duration=176.293µs
grafana-1     | logger=migrator t=2026-04-20T08:17:08.601954698Z level=info msg="Executing migration" id="drop index UQE_dashboard_public_config_uid - v2"
grafana-1     | logger=migrator t=2026-04-20T08:17:08.602137824Z level=info msg="Migration successfully executed" id="drop index UQE_dashboard_public_config_uid - v2" duration=180.917µs
grafana-1     | logger=migrator t=2026-04-20T08:17:08.603622832Z level=info msg="Executing migration" id="drop index IDX_dashboard_public_config_org_id_dashboard_uid - v2"
grafana-1     | logger=migrator t=2026-04-20T08:17:08.603775291Z level=info msg="Migration successfully executed" id="drop index IDX_dashboard_public_config_org_id_dashboard_uid - v2" duration=152.709µs
grafana-1     | logger=migrator t=2026-04-20T08:17:08.605007881Z level=info msg="Executing migration" id="Drop public config table"
grafana-1     | logger=migrator t=2026-04-20T08:17:08.605188091Z level=info msg="Migration successfully executed" id="Drop public config table" duration=180.459µs
grafana-1     | logger=migrator t=2026-04-20T08:17:08.606940392Z level=info msg="Executing migration" id="Recreate dashboard public config v2"
grafana-1     | logger=migrator t=2026-04-20T08:17:08.607108059Z level=info msg="Migration successfully executed" id="Recreate dashboard public config v2" duration=167.959µs
grafana-1     | logger=migrator t=2026-04-20T08:17:08.608768943Z level=info msg="Executing migration" id="create index UQE_dashboard_public_config_uid - v2"
grafana-1     | logger=migrator t=2026-04-20T08:17:08.608968361Z level=info msg="Migration successfully executed" id="create index UQE_dashboard_public_config_uid - v2" duration=199.834µs
grafana-1     | logger=migrator t=2026-04-20T08:17:08.613420343Z level=info msg="Executing migration" id="create index IDX_dashboard_public_config_org_id_dashboard_uid - v2"
grafana-1     | logger=migrator t=2026-04-20T08:17:08.613582886Z level=info msg="Migration successfully executed" id="create index IDX_dashboard_public_config_org_id_dashboard_uid - v2" duration=163.001µs
grafana-1     | logger=migrator t=2026-04-20T08:17:08.615593313Z level=info msg="Executing migration" id="create index UQE_dashboard_public_config_access_token - v2"
grafana-1     | logger=migrator t=2026-04-20T08:17:08.615763481Z level=info msg="Migration successfully executed" id="create index UQE_dashboard_public_config_access_token - v2" duration=170.501µs
grafana-1     | logger=migrator t=2026-04-20T08:17:08.61866883Z level=info msg="Executing migration" id="Rename table dashboard_public_config to dashboard_public - v2"
grafana-1     | logger=migrator t=2026-04-20T08:17:08.620874466Z level=info msg="Migration successfully executed" id="Rename table dashboard_public_config to dashboard_public - v2" duration=2.205554ms
grafana-1     | logger=migrator t=2026-04-20T08:17:08.624411319Z level=info msg="Executing migration" id="add annotations_enabled column"
grafana-1     | logger=migrator t=2026-04-20T08:17:08.62526574Z level=info msg="Migration successfully executed" id="add annotations_enabled column" duration=855.296µs
grafana-1     | logger=migrator t=2026-04-20T08:17:08.626661414Z level=info msg="Executing migration" id="add time_selection_enabled column"
grafana-1     | logger=migrator t=2026-04-20T08:17:08.627635044Z level=info msg="Migration successfully executed" id="add time_selection_enabled column" duration=974.047µs
grafana-1     | logger=migrator t=2026-04-20T08:17:08.629899515Z level=info msg="Executing migration" id="delete orphaned public dashboards"
grafana-1     | logger=migrator t=2026-04-20T08:17:08.629964765Z level=info msg="Migration successfully executed" id="delete orphaned public dashboards" duration=66.167µs
grafana-1     | logger=migrator t=2026-04-20T08:17:08.633087324Z level=info msg="Executing migration" id="add share column"
grafana-1     | logger=migrator t=2026-04-20T08:17:08.634117288Z level=info msg="Migration successfully executed" id="add share column" duration=1.030589ms
grafana-1     | logger=migrator t=2026-04-20T08:17:08.636922886Z level=info msg="Executing migration" id="backfill empty share column fields with default of public"
grafana-1     | logger=migrator t=2026-04-20T08:17:08.637074887Z level=info msg="Migration successfully executed" id="backfill empty share column fields with default of public" duration=152.709µs
grafana-1     | logger=migrator t=2026-04-20T08:17:08.640537489Z level=info msg="Executing migration" id="create file table"
grafana-1     | logger=migrator t=2026-04-20T08:17:08.640770698Z level=info msg="Migration successfully executed" id="create file table" duration=233.835µs
grafana-1     | logger=migrator t=2026-04-20T08:17:08.644663344Z level=info msg="Executing migration" id="file table idx: path natural pk"
grafana-1     | logger=migrator t=2026-04-20T08:17:08.645050305Z level=info msg="Migration successfully executed" id="file table idx: path natural pk" duration=390.294µs
grafana-1     | logger=migrator t=2026-04-20T08:17:08.648040196Z level=info msg="Executing migration" id="file table idx: parent_folder_path_hash fast folder retrieval"
grafana-1     | logger=migrator t=2026-04-20T08:17:08.648387114Z level=info msg="Migration successfully executed" id="file table idx: parent_folder_path_hash fast folder retrieval" duration=347.585µs
grafana-1     | logger=migrator t=2026-04-20T08:17:08.651042337Z level=info msg="Executing migration" id="create file_meta table"
grafana-1     | logger=migrator t=2026-04-20T08:17:08.651234213Z level=info msg="Migration successfully executed" id="create file_meta table" duration=192.876µs
grafana-1     | logger=migrator t=2026-04-20T08:17:08.654377355Z level=info msg="Executing migration" id="file table idx: path key"
grafana-1     | logger=migrator t=2026-04-20T08:17:08.654708357Z level=info msg="Migration successfully executed" id="file table idx: path key" duration=331.918µs
grafana-1     | logger=migrator t=2026-04-20T08:17:08.66056068Z level=info msg="Executing migration" id="set path collation in file table"
grafana-1     | logger=migrator t=2026-04-20T08:17:08.660576805Z level=info msg="Migration successfully executed" id="set path collation in file table" duration=17.709µs
grafana-1     | logger=migrator t=2026-04-20T08:17:08.666400669Z level=info msg="Executing migration" id="migrate contents column to mediumblob for MySQL"
grafana-1     | logger=migrator t=2026-04-20T08:17:08.666448003Z level=info msg="Migration successfully executed" id="migrate contents column to mediumblob for MySQL" duration=48.792µs
grafana-1     | logger=migrator t=2026-04-20T08:17:08.669579603Z level=info msg="Executing migration" id="drop my_row_id and add primary key to file table if my_row_id exists (auto-generated mysql column)"
grafana-1     | logger=migrator t=2026-04-20T08:17:08.669666687Z level=warn msg="Skipping migration: Already executed, but not recorded in migration log" id="drop my_row_id and add primary key to file table if my_row_id exists (auto-generated mysql column)"
grafana-1     | logger=migrator t=2026-04-20T08:17:08.670927902Z level=info msg="Executing migration" id="drop file_path unique index from file table if it exists (mysql)"
grafana-1     | logger=migrator t=2026-04-20T08:17:08.671068944Z level=info msg="Migration successfully executed" id="drop file_path unique index from file table if it exists (mysql)" duration=141.584µs
grafana-1     | logger=migrator t=2026-04-20T08:17:08.67234541Z level=info msg="Executing migration" id="add primary key to file table if it doesn't exist (mysql)"
grafana-1     | logger=migrator t=2026-04-20T08:17:08.672389118Z level=info msg="Migration successfully executed" id="add primary key to file table if it doesn't exist (mysql)" duration=42.25µs
grafana-1     | logger=migrator t=2026-04-20T08:17:08.673523749Z level=info msg="Executing migration" id="add primary key to file table (postgres and sqlite)"
grafana-1     | logger=migrator t=2026-04-20T08:17:08.676076346Z level=info msg="Migration successfully executed" id="add primary key to file table (postgres and sqlite)" duration=2.552556ms
grafana-1     | logger=migrator t=2026-04-20T08:17:08.677822314Z level=info msg="Executing migration" id="drop my_row_id and add primary key to file_meta table if my_row_id exists (auto-generated mysql column)"
grafana-1     | logger=migrator t=2026-04-20T08:17:08.677932106Z level=warn msg="Skipping migration: Already executed, but not recorded in migration log" id="drop my_row_id and add primary key to file_meta table if my_row_id exists (auto-generated mysql column)"
grafana-1     | logger=migrator t=2026-04-20T08:17:08.678946112Z level=info msg="Executing migration" id="drop file_path unique index from file_meta table if it exists (mysql)"
grafana-1     | logger=migrator t=2026-04-20T08:17:08.679060446Z level=info msg="Migration successfully executed" id="drop file_path unique index from file_meta table if it exists (mysql)" duration=117.751µs
grafana-1     | logger=migrator t=2026-04-20T08:17:08.680467245Z level=info msg="Executing migration" id="add primary key to file_meta table if it doesn't exist (mysql)"
grafana-1     | logger=migrator t=2026-04-20T08:17:08.680505287Z level=info msg="Migration successfully executed" id="add primary key to file_meta table if it doesn't exist (mysql)" duration=38.25µs
grafana-1     | logger=migrator t=2026-04-20T08:17:08.681534709Z level=info msg="Executing migration" id="add primary key to file_meta table (postgres and sqlite)"
grafana-1     | logger=migrator t=2026-04-20T08:17:08.683928638Z level=info msg="Migration successfully executed" id="add primary key to file_meta table (postgres and sqlite)" duration=2.393554ms
grafana-1     | logger=migrator t=2026-04-20T08:17:08.684992686Z level=info msg="Executing migration" id="managed permissions migration"
grafana-1     | logger=migrator t=2026-04-20T08:17:08.68513927Z level=info msg="Migration successfully executed" id="managed permissions migration" duration=146.875µs
grafana-1     | logger=migrator t=2026-04-20T08:17:08.686284484Z level=info msg="Executing migration" id="managed folder permissions alert actions migration"
grafana-1     | logger=migrator t=2026-04-20T08:17:08.686365068Z level=info msg="Migration successfully executed" id="managed folder permissions alert actions migration" duration=80.75µs
grafana-1     | logger=migrator t=2026-04-20T08:17:08.687358824Z level=info msg="Executing migration" id="RBAC action name migrator"
grafana-1     | logger=migrator t=2026-04-20T08:17:08.687635825Z level=info msg="Migration successfully executed" id="RBAC action name migrator" duration=277.085µs
grafana-1     | logger=migrator t=2026-04-20T08:17:08.688713164Z level=info msg="Executing migration" id="update group index for alert rules"
grafana-1     | logger=migrator t=2026-04-20T08:17:08.688888957Z level=info msg="Migration successfully executed" id="update group index for alert rules" duration=176.085µs
grafana-1     | logger=migrator t=2026-04-20T08:17:08.692494018Z level=info msg="Executing migration" id="managed folder permissions alert actions repeated migration"
grafana-1     | logger=migrator t=2026-04-20T08:17:08.692564227Z level=info msg="Migration successfully executed" id="managed folder permissions alert actions repeated migration" duration=70.625µs
grafana-1     | logger=migrator t=2026-04-20T08:17:08.693568232Z level=info msg="Executing migration" id="admin only folder/dashboard permission"
grafana-1     | logger=migrator t=2026-04-20T08:17:08.693670982Z level=info msg="Migration successfully executed" id="admin only folder/dashboard permission" duration=104.875µs
grafana-1     | logger=migrator t=2026-04-20T08:17:08.695340575Z level=info msg="Executing migration" id="add action column to seed_assignment"
grafana-1     | logger=migrator t=2026-04-20T08:17:08.696220496Z level=info msg="Migration successfully executed" id="add action column to seed_assignment" duration=880.046µs
grafana-1     | logger=migrator t=2026-04-20T08:17:08.697724421Z level=info msg="Executing migration" id="add scope column to seed_assignment"
grafana-1     | logger=migrator t=2026-04-20T08:17:08.698708343Z level=info msg="Migration successfully executed" id="add scope column to seed_assignment" duration=984.089µs
grafana-1     | logger=migrator t=2026-04-20T08:17:08.699666931Z level=info msg="Executing migration" id="remove unique index builtin_role_role_name before nullable update"
grafana-1     | logger=migrator t=2026-04-20T08:17:08.699870182Z level=info msg="Migration successfully executed" id="remove unique index builtin_role_role_name before nullable update" duration=203.626µs
grafana-1     | logger=migrator t=2026-04-20T08:17:08.701695651Z level=info msg="Executing migration" id="update seed_assignment role_name column to nullable"
grafana-1     | logger=migrator t=2026-04-20T08:17:08.710094029Z level=info msg="Migration successfully executed" id="update seed_assignment role_name column to nullable" duration=8.39892ms
grafana-1     | logger=migrator t=2026-04-20T08:17:08.713974091Z level=info msg="Executing migration" id="add unique index builtin_role_name back"
grafana-1     | logger=migrator t=2026-04-20T08:17:08.714364719Z level=info msg="Migration successfully executed" id="add unique index builtin_role_name back" duration=391.669µs
grafana-1     | logger=migrator t=2026-04-20T08:17:08.718608408Z level=info msg="Executing migration" id="add unique index builtin_role_action_scope"
grafana-1     | logger=migrator t=2026-04-20T08:17:08.719020285Z level=info msg="Migration successfully executed" id="add unique index builtin_role_action_scope" duration=412.294µs
grafana-1     | logger=migrator t=2026-04-20T08:17:08.720773503Z level=info msg="Executing migration" id="add primary key to seed_assigment"
grafana-1     | logger=migrator t=2026-04-20T08:17:08.723834478Z level=info msg="Migration successfully executed" id="add primary key to seed_assigment" duration=3.0596ms
grafana-1     | logger=migrator t=2026-04-20T08:17:08.725900406Z level=info msg="Executing migration" id="add origin column to seed_assignment"
grafana-1     | logger=migrator t=2026-04-20T08:17:08.726889369Z level=info msg="Migration successfully executed" id="add origin column to seed_assignment" duration=989.255µs
grafana-1     | logger=migrator t=2026-04-20T08:17:08.728836005Z level=info msg="Executing migration" id="add origin to plugin seed_assignment"
grafana-1     | logger=migrator t=2026-04-20T08:17:08.728969714Z level=info msg="Migration successfully executed" id="add origin to plugin seed_assignment" duration=134.5µs
grafana-1     | logger=migrator t=2026-04-20T08:17:08.730636348Z level=info msg="Executing migration" id="prevent seeding OnCall access"
grafana-1     | logger=migrator t=2026-04-20T08:17:08.73075214Z level=info msg="Migration successfully executed" id="prevent seeding OnCall access" duration=116.209µs
grafana-1     | logger=migrator t=2026-04-20T08:17:08.732449024Z level=info msg="Executing migration" id="managed folder permissions alert actions repeated fixed migration"
grafana-1     | logger=migrator t=2026-04-20T08:17:08.732579191Z level=info msg="Migration successfully executed" id="managed folder permissions alert actions repeated fixed migration" duration=130.584µs
grafana-1     | logger=migrator t=2026-04-20T08:17:08.733851865Z level=info msg="Executing migration" id="managed folder permissions library panel actions migration"
grafana-1     | logger=migrator t=2026-04-20T08:17:08.733966991Z level=info msg="Migration successfully executed" id="managed folder permissions library panel actions migration" duration=115.584µs
grafana-1     | logger=migrator t=2026-04-20T08:17:08.73540554Z level=info msg="Executing migration" id="migrate external alertmanagers to datsourcse"
grafana-1     | logger=migrator t=2026-04-20T08:17:08.735554957Z level=info msg="Migration successfully executed" id="migrate external alertmanagers to datsourcse" duration=143.876µs
grafana-1     | logger=migrator t=2026-04-20T08:17:08.736547588Z level=info msg="Executing migration" id="create folder table"
grafana-1     | logger=migrator t=2026-04-20T08:17:08.736781922Z level=info msg="Migration successfully executed" id="create folder table" duration=226.001µs
grafana-1     | logger=migrator t=2026-04-20T08:17:08.739764147Z level=info msg="Executing migration" id="Add index for parent_uid"
grafana-1     | logger=migrator t=2026-04-20T08:17:08.740037315Z level=info msg="Migration successfully executed" id="Add index for parent_uid" duration=278.876µs
grafana-1     | logger=migrator t=2026-04-20T08:17:08.742905539Z level=info msg="Executing migration" id="Add unique index for folder.uid and folder.org_id"
grafana-1     | logger=migrator t=2026-04-20T08:17:08.743137581Z level=info msg="Migration successfully executed" id="Add unique index for folder.uid and folder.org_id" duration=232.251µs
grafana-1     | logger=migrator t=2026-04-20T08:17:08.744877007Z level=info msg="Executing migration" id="Update folder title length"
grafana-1     | logger=migrator t=2026-04-20T08:17:08.744886716Z level=info msg="Migration successfully executed" id="Update folder title length" duration=10.042µs
grafana-1     | logger=migrator t=2026-04-20T08:17:08.748342109Z level=info msg="Executing migration" id="Add unique index for folder.title and folder.parent_uid"
grafana-1     | logger=migrator t=2026-04-20T08:17:08.748641653Z level=info msg="Migration successfully executed" id="Add unique index for folder.title and folder.parent_uid" duration=300.252µs
grafana-1     | logger=migrator t=2026-04-20T08:17:08.753352595Z level=info msg="Executing migration" id="Remove unique index for folder.title and folder.parent_uid"
grafana-1     | logger=migrator t=2026-04-20T08:17:08.753623971Z level=info msg="Migration successfully executed" id="Remove unique index for folder.title and folder.parent_uid" duration=271.834µs
grafana-1     | logger=migrator t=2026-04-20T08:17:08.754666018Z level=info msg="Executing migration" id="Add unique index for title, parent_uid, and org_id"
grafana-1     | logger=migrator t=2026-04-20T08:17:08.754891436Z level=info msg="Migration successfully executed" id="Add unique index for title, parent_uid, and org_id" duration=229.126µs
grafana-1     | logger=migrator t=2026-04-20T08:17:08.75614711Z level=info msg="Executing migration" id="Sync dashboard and folder table"
grafana-1     | logger=migrator t=2026-04-20T08:17:08.756321277Z level=info msg="Migration successfully executed" id="Sync dashboard and folder table" duration=178.542µs
grafana-1     | logger=migrator t=2026-04-20T08:17:08.75753345Z level=info msg="Executing migration" id="Remove ghost folders from the folder table"
grafana-1     | logger=migrator t=2026-04-20T08:17:08.757653659Z level=info msg="Migration successfully executed" id="Remove ghost folders from the folder table" duration=120.667µs
grafana-1     | logger=migrator t=2026-04-20T08:17:08.758958083Z level=info msg="Executing migration" id="Remove unique index UQE_folder_uid_org_id"
grafana-1     | logger=migrator t=2026-04-20T08:17:08.759245168Z level=info msg="Migration successfully executed" id="Remove unique index UQE_folder_uid_org_id" duration=287.418µs
grafana-1     | logger=migrator t=2026-04-20T08:17:08.760374299Z level=info msg="Executing migration" id="Add unique index UQE_folder_org_id_uid"
grafana-1     | logger=migrator t=2026-04-20T08:17:08.760611467Z level=info msg="Migration successfully executed" id="Add unique index UQE_folder_org_id_uid" duration=237.251µs
grafana-1     | logger=migrator t=2026-04-20T08:17:08.761655181Z level=info msg="Executing migration" id="Remove unique index UQE_folder_title_parent_uid_org_id"
grafana-1     | logger=migrator t=2026-04-20T08:17:08.761949224Z level=info msg="Migration successfully executed" id="Remove unique index UQE_folder_title_parent_uid_org_id" duration=294.918µs
grafana-1     | logger=migrator t=2026-04-20T08:17:08.763559941Z level=info msg="Executing migration" id="Add unique index UQE_folder_org_id_parent_uid_title"
grafana-1     | logger=migrator t=2026-04-20T08:17:08.763920568Z level=info msg="Migration successfully executed" id="Add unique index UQE_folder_org_id_parent_uid_title" duration=361.46µs
grafana-1     | logger=migrator t=2026-04-20T08:17:08.765620327Z level=info msg="Executing migration" id="Remove index IDX_folder_parent_uid_org_id"
grafana-1     | logger=migrator t=2026-04-20T08:17:08.765900537Z level=info msg="Migration successfully executed" id="Remove index IDX_folder_parent_uid_org_id" duration=281.293µs
grafana-1     | logger=migrator t=2026-04-20T08:17:08.767443337Z level=info msg="Executing migration" id="Remove unique index UQE_folder_org_id_parent_uid_title"
grafana-1     | logger=migrator t=2026-04-20T08:17:08.767646755Z level=info msg="Migration successfully executed" id="Remove unique index UQE_folder_org_id_parent_uid_title" duration=203.501µs
grafana-1     | logger=migrator t=2026-04-20T08:17:08.768865636Z level=info msg="Executing migration" id="Add index IDX_folder_org_id_parent_uid"
grafana-1     | logger=migrator t=2026-04-20T08:17:08.769032971Z level=info msg="Migration successfully executed" id="Add index IDX_folder_org_id_parent_uid" duration=167.418µs
grafana-1     | logger=migrator t=2026-04-20T08:17:08.770397978Z level=info msg="Executing migration" id="create anon_device table"
grafana-1     | logger=migrator t=2026-04-20T08:17:08.770592271Z level=info msg="Migration successfully executed" id="create anon_device table" duration=194.334µs
grafana-1     | logger=migrator t=2026-04-20T08:17:08.772121695Z level=info msg="Executing migration" id="add unique index anon_device.device_id"
grafana-1     | logger=migrator t=2026-04-20T08:17:08.772432864Z level=info msg="Migration successfully executed" id="add unique index anon_device.device_id" duration=311.835µs
grafana-1     | logger=migrator t=2026-04-20T08:17:08.774319124Z level=info msg="Executing migration" id="add index anon_device.updated_at"
grafana-1     | logger=migrator t=2026-04-20T08:17:08.774694168Z level=info msg="Migration successfully executed" id="add index anon_device.updated_at" duration=401.502µs
grafana-1     | logger=migrator t=2026-04-20T08:17:08.777053805Z level=info msg="Executing migration" id="create signing_key table"
grafana-1     | logger=migrator t=2026-04-20T08:17:08.777348182Z level=info msg="Migration successfully executed" id="create signing_key table" duration=290.502µs
grafana-1     | logger=migrator t=2026-04-20T08:17:08.778905857Z level=info msg="Executing migration" id="add unique index signing_key.key_id"
grafana-1     | logger=migrator t=2026-04-20T08:17:08.779241067Z level=info msg="Migration successfully executed" id="add unique index signing_key.key_id" duration=336.252µs
grafana-1     | logger=migrator t=2026-04-20T08:17:08.78066945Z level=info msg="Executing migration" id="set legacy alert migration status in kvstore"
grafana-1     | logger=migrator t=2026-04-20T08:17:08.78105541Z level=info msg="Migration successfully executed" id="set legacy alert migration status in kvstore" duration=386.543µs
grafana-1     | logger=migrator t=2026-04-20T08:17:08.782530668Z level=info msg="Executing migration" id="migrate record of created folders during legacy migration to kvstore"
grafana-1     | logger=migrator t=2026-04-20T08:17:08.782729252Z level=info msg="Migration successfully executed" id="migrate record of created folders during legacy migration to kvstore" duration=199.584µs
grafana-1     | logger=migrator t=2026-04-20T08:17:08.784109177Z level=info msg="Executing migration" id="Add folder_uid for dashboard"
grafana-1     | logger=migrator t=2026-04-20T08:17:08.785070265Z level=info msg="Migration successfully executed" id="Add folder_uid for dashboard" duration=961.463µs
grafana-1     | logger=migrator t=2026-04-20T08:17:08.786599898Z level=info msg="Executing migration" id="Populate dashboard folder_uid column"
grafana-1     | logger=migrator t=2026-04-20T08:17:08.786820149Z level=info msg="Migration successfully executed" id="Populate dashboard folder_uid column" duration=221.418µs
grafana-1     | logger=migrator t=2026-04-20T08:17:08.788388116Z level=info msg="Executing migration" id="Add unique index for dashboard_org_id_folder_uid_title"
grafana-1     | logger=migrator t=2026-04-20T08:17:08.7884532Z level=info msg="Migration successfully executed" id="Add unique index for dashboard_org_id_folder_uid_title" duration=65.667µs
grafana-1     | logger=migrator t=2026-04-20T08:17:08.789733915Z level=info msg="Executing migration" id="Delete unique index for dashboard_org_id_folder_id_title"
grafana-1     | logger=migrator t=2026-04-20T08:17:08.789993583Z level=info msg="Migration successfully executed" id="Delete unique index for dashboard_org_id_folder_id_title" duration=259.918µs
grafana-1     | logger=migrator t=2026-04-20T08:17:08.791356757Z level=info msg="Executing migration" id="Delete unique index for dashboard_org_id_folder_uid_title"
grafana-1     | logger=migrator t=2026-04-20T08:17:08.791414132Z level=info msg="Migration successfully executed" id="Delete unique index for dashboard_org_id_folder_uid_title" duration=58.042µs
grafana-1     | logger=migrator t=2026-04-20T08:17:08.792466221Z level=info msg="Executing migration" id="Add unique index for dashboard_org_id_folder_uid_title_is_folder"
grafana-1     | logger=migrator t=2026-04-20T08:17:08.792705098Z level=info msg="Migration successfully executed" id="Add unique index for dashboard_org_id_folder_uid_title_is_folder" duration=239.293µs
grafana-1     | logger=migrator t=2026-04-20T08:17:08.794269648Z level=info msg="Executing migration" id="Restore index for dashboard_org_id_folder_id_title"
grafana-1     | logger=migrator t=2026-04-20T08:17:08.794493274Z level=info msg="Migration successfully executed" id="Restore index for dashboard_org_id_folder_id_title" duration=228.502µs
grafana-1     | logger=migrator t=2026-04-20T08:17:08.79583874Z level=info msg="Executing migration" id="Remove unique index for dashboard_org_id_folder_uid_title_is_folder"
grafana-1     | logger=migrator t=2026-04-20T08:17:08.795967532Z level=info msg="Migration successfully executed" id="Remove unique index for dashboard_org_id_folder_uid_title_is_folder" duration=128.917µs
grafana-1     | logger=migrator t=2026-04-20T08:17:08.79745054Z level=info msg="Executing migration" id="create sso_setting table"
grafana-1     | logger=migrator t=2026-04-20T08:17:08.797645749Z level=info msg="Migration successfully executed" id="create sso_setting table" duration=195.46µs
grafana-1     | logger=migrator t=2026-04-20T08:17:08.800084471Z level=info msg="Executing migration" id="update settings column to MEDIUMTEXT"
grafana-1     | logger=migrator t=2026-04-20T08:17:08.800173513Z level=info msg="Migration successfully executed" id="update settings column to MEDIUMTEXT" duration=90.042µs
grafana-1     | logger=migrator t=2026-04-20T08:17:08.803791366Z level=info msg="Executing migration" id="copy kvstore migration status to each org"
grafana-1     | logger=migrator t=2026-04-20T08:17:08.804103451Z level=info msg="Migration successfully executed" id="copy kvstore migration status to each org" duration=313.002µs
grafana-1     | logger=migrator t=2026-04-20T08:17:08.80579146Z level=info msg="Executing migration" id="add back entry for orgid=0 migrated status"
grafana-1     | logger=migrator t=2026-04-20T08:17:08.805912419Z level=info msg="Migration successfully executed" id="add back entry for orgid=0 migrated status" duration=121.418µs
grafana-1     | logger=migrator t=2026-04-20T08:17:08.80797243Z level=info msg="Executing migration" id="managed dashboard permissions annotation actions migration"
grafana-1     | logger=migrator t=2026-04-20T08:17:08.80812093Z level=info msg="Migration successfully executed" id="managed dashboard permissions annotation actions migration" duration=148.75µs
grafana-1     | logger=migrator t=2026-04-20T08:17:08.812220244Z level=info msg="Executing migration" id="create cloud_migration table v1"
grafana-1     | logger=migrator t=2026-04-20T08:17:08.812414454Z level=info msg="Migration successfully executed" id="create cloud_migration table v1" duration=194.418µs
grafana-1     | logger=migrator t=2026-04-20T08:17:08.813765294Z level=info msg="Executing migration" id="create cloud_migration_run table v1"
grafana-1     | logger=migrator t=2026-04-20T08:17:08.813912545Z level=info msg="Migration successfully executed" id="create cloud_migration_run table v1" duration=147.334µs
grafana-1     | logger=migrator t=2026-04-20T08:17:08.815356303Z level=info msg="Executing migration" id="add stack_id column"
grafana-1     | logger=migrator t=2026-04-20T08:17:08.816333016Z level=info msg="Migration successfully executed" id="add stack_id column" duration=976.463µs
grafana-1     | logger=migrator t=2026-04-20T08:17:08.818350652Z level=info msg="Executing migration" id="add region_slug column"
grafana-1     | logger=migrator t=2026-04-20T08:17:08.81921299Z level=info msg="Migration successfully executed" id="add region_slug column" duration=862.63µs
grafana-1     | logger=migrator t=2026-04-20T08:17:08.820947874Z level=info msg="Executing migration" id="add cluster_slug column"
grafana-1     | logger=migrator t=2026-04-20T08:17:08.821860379Z level=info msg="Migration successfully executed" id="add cluster_slug column" duration=912.672µs
grafana-1     | logger=migrator t=2026-04-20T08:17:08.823641431Z level=info msg="Executing migration" id="add migration uid column"
grafana-1     | logger=migrator t=2026-04-20T08:17:08.824524102Z level=info msg="Migration successfully executed" id="add migration uid column" duration=881.296µs
grafana-1     | logger=migrator t=2026-04-20T08:17:08.826821239Z level=info msg="Executing migration" id="Update uid column values for migration"
grafana-1     | logger=migrator t=2026-04-20T08:17:08.82686574Z level=info msg="Migration successfully executed" id="Update uid column values for migration" duration=45.042µs
grafana-1     | logger=migrator t=2026-04-20T08:17:08.828662374Z level=info msg="Executing migration" id="Add unique index migration_uid"
grafana-1     | logger=migrator t=2026-04-20T08:17:08.828856334Z level=info msg="Migration successfully executed" id="Add unique index migration_uid" duration=194.335µs
grafana-1     | logger=migrator t=2026-04-20T08:17:08.831187096Z level=info msg="Executing migration" id="add migration run uid column"
grafana-1     | logger=migrator t=2026-04-20T08:17:08.832139851Z level=info msg="Migration successfully executed" id="add migration run uid column" duration=940.963µs
grafana-1     | logger=migrator t=2026-04-20T08:17:08.83435603Z level=info msg="Executing migration" id="Update uid column values for migration run"
grafana-1     | logger=migrator t=2026-04-20T08:17:08.83441053Z level=info msg="Migration successfully executed" id="Update uid column values for migration run" duration=54.959µs
grafana-1     | logger=migrator t=2026-04-20T08:17:08.837187712Z level=info msg="Executing migration" id="Add unique index migration_run_uid"
grafana-1     | logger=migrator t=2026-04-20T08:17:08.837460296Z level=info msg="Migration successfully executed" id="Add unique index migration_run_uid" duration=273.002µs
grafana-1     | logger=migrator t=2026-04-20T08:17:08.83866072Z level=info msg="Executing migration" id="Rename table cloud_migration to cloud_migration_session_tmp_qwerty - v1"
grafana-1     | logger=migrator t=2026-04-20T08:17:08.84150511Z level=info msg="Migration successfully executed" id="Rename table cloud_migration to cloud_migration_session_tmp_qwerty - v1" duration=2.842806ms
grafana-1     | logger=migrator t=2026-04-20T08:17:08.843774664Z level=info msg="Executing migration" id="create cloud_migration_session v2"
grafana-1     | logger=migrator t=2026-04-20T08:17:08.844058624Z level=info msg="Migration successfully executed" id="create cloud_migration_session v2" duration=282.043µs
grafana-1     | logger=migrator t=2026-04-20T08:17:08.846335594Z level=info msg="Executing migration" id="create index UQE_cloud_migration_session_uid - v2"
grafana-1     | logger=migrator t=2026-04-20T08:17:08.84658797Z level=info msg="Migration successfully executed" id="create index UQE_cloud_migration_session_uid - v2" duration=252.71µs
grafana-1     | logger=migrator t=2026-04-20T08:17:08.847945353Z level=info msg="Executing migration" id="copy cloud_migration_session v1 to v2"
grafana-1     | logger=migrator t=2026-04-20T08:17:08.848133687Z level=info msg="Migration successfully executed" id="copy cloud_migration_session v1 to v2" duration=189.668µs
grafana-1     | logger=migrator t=2026-04-20T08:17:08.849863071Z level=info msg="Executing migration" id="drop cloud_migration_session_tmp_qwerty"
grafana-1     | logger=migrator t=2026-04-20T08:17:08.850118489Z level=info msg="Migration successfully executed" id="drop cloud_migration_session_tmp_qwerty" duration=256.085µs
grafana-1     | logger=migrator t=2026-04-20T08:17:08.852154709Z level=info msg="Executing migration" id="Rename table cloud_migration_run to cloud_migration_snapshot_tmp_qwerty - v1"
grafana-1     | logger=migrator t=2026-04-20T08:17:08.854555847Z level=info msg="Migration successfully executed" id="Rename table cloud_migration_run to cloud_migration_snapshot_tmp_qwerty - v1" duration=2.396846ms
grafana-1     | logger=migrator t=2026-04-20T08:17:08.856034146Z level=info msg="Executing migration" id="create cloud_migration_snapshot v2"
grafana-1     | logger=migrator t=2026-04-20T08:17:08.856235897Z level=info msg="Migration successfully executed" id="create cloud_migration_snapshot v2" duration=199.793µs
grafana-1     | logger=migrator t=2026-04-20T08:17:08.858363284Z level=info msg="Executing migration" id="create index UQE_cloud_migration_snapshot_uid - v2"
grafana-1     | logger=migrator t=2026-04-20T08:17:08.858565285Z level=info msg="Migration successfully executed" id="create index UQE_cloud_migration_snapshot_uid - v2" duration=202.626µs
grafana-1     | logger=migrator t=2026-04-20T08:17:08.861430925Z level=info msg="Executing migration" id="copy cloud_migration_snapshot v1 to v2"
grafana-1     | logger=migrator t=2026-04-20T08:17:08.861568926Z level=info msg="Migration successfully executed" id="copy cloud_migration_snapshot v1 to v2" duration=139.543µs
grafana-1     | logger=migrator t=2026-04-20T08:17:08.865108653Z level=info msg="Executing migration" id="drop cloud_migration_snapshot_tmp_qwerty"
grafana-1     | logger=migrator t=2026-04-20T08:17:08.865427155Z level=info msg="Migration successfully executed" id="drop cloud_migration_snapshot_tmp_qwerty" duration=319.835µs
grafana-1     | logger=migrator t=2026-04-20T08:17:08.868538547Z level=info msg="Executing migration" id="add snapshot upload_url column"
grafana-1     | logger=migrator t=2026-04-20T08:17:08.869587719Z level=info msg="Migration successfully executed" id="add snapshot upload_url column" duration=1.054797ms
grafana-1     | logger=migrator t=2026-04-20T08:17:08.871031685Z level=info msg="Executing migration" id="add snapshot status column"
grafana-1     | logger=migrator t=2026-04-20T08:17:08.872018815Z level=info msg="Migration successfully executed" id="add snapshot status column" duration=987.505µs
grafana-1     | logger=migrator t=2026-04-20T08:17:08.877391594Z level=info msg="Executing migration" id="add snapshot local_directory column"
grafana-1     | logger=migrator t=2026-04-20T08:17:08.878401391Z level=info msg="Migration successfully executed" id="add snapshot local_directory column" duration=1.006213ms
grafana-1     | logger=migrator t=2026-04-20T08:17:08.880863655Z level=info msg="Executing migration" id="add snapshot gms_snapshot_uid column"
grafana-1     | logger=migrator t=2026-04-20T08:17:08.881912243Z level=info msg="Migration successfully executed" id="add snapshot gms_snapshot_uid column" duration=1.049505ms
grafana-1     | logger=migrator t=2026-04-20T08:17:08.883827962Z level=info msg="Executing migration" id="add snapshot encryption_key column"
grafana-1     | logger=migrator t=2026-04-20T08:17:08.884863718Z level=info msg="Migration successfully executed" id="add snapshot encryption_key column" duration=1.036131ms
grafana-1     | logger=migrator t=2026-04-20T08:17:08.887214689Z level=info msg="Executing migration" id="add snapshot error_string column"
grafana-1     | logger=migrator t=2026-04-20T08:17:08.88808111Z level=info msg="Migration successfully executed" id="add snapshot error_string column" duration=866.547µs
grafana-1     | logger=migrator t=2026-04-20T08:17:08.889762327Z level=info msg="Executing migration" id="create cloud_migration_resource table v1"
grafana-1     | logger=migrator t=2026-04-20T08:17:08.890011745Z level=info msg="Migration successfully executed" id="create cloud_migration_resource table v1" duration=251.001µs
grafana-1     | logger=migrator t=2026-04-20T08:17:08.891069334Z level=info msg="Executing migration" id="delete cloud_migration_snapshot.result column"
grafana-1     | logger=migrator t=2026-04-20T08:17:08.894644145Z level=info msg="Migration successfully executed" id="delete cloud_migration_snapshot.result column" duration=3.574102ms
grafana-1     | logger=migrator t=2026-04-20T08:17:08.896519947Z level=info msg="Executing migration" id="add cloud_migration_resource.name column"
grafana-1     | logger=migrator t=2026-04-20T08:17:08.897627411Z level=info msg="Migration successfully executed" id="add cloud_migration_resource.name column" duration=1.108131ms
grafana-1     | logger=migrator t=2026-04-20T08:17:08.89885921Z level=info msg="Executing migration" id="add cloud_migration_resource.parent_name column"
grafana-1     | logger=migrator t=2026-04-20T08:17:08.899855757Z level=info msg="Migration successfully executed" id="add cloud_migration_resource.parent_name column" duration=996.172µs
grafana-1     | logger=migrator t=2026-04-20T08:17:08.901128347Z level=info msg="Executing migration" id="add cloud_migration_session.org_id column"
grafana-1     | logger=migrator t=2026-04-20T08:17:08.902089435Z level=info msg="Migration successfully executed" id="add cloud_migration_session.org_id column" duration=961.214µs
grafana-1     | logger=migrator t=2026-04-20T08:17:08.903872528Z level=info msg="Executing migration" id="add cloud_migration_resource.error_code column"
grafana-1     | logger=migrator t=2026-04-20T08:17:08.904772491Z level=info msg="Migration successfully executed" id="add cloud_migration_resource.error_code column" duration=900.463µs
grafana-1     | logger=migrator t=2026-04-20T08:17:08.905936581Z level=info msg="Executing migration" id="increase resource_uid column length"
grafana-1     | logger=migrator t=2026-04-20T08:17:08.905961373Z level=info msg="Migration successfully executed" id="increase resource_uid column length" duration=25.292µs
grafana-1     | logger=migrator t=2026-04-20T08:17:08.907771924Z level=info msg="Executing migration" id="create cloud_migration_snapshot_partition table v1"
grafana-1     | logger=migrator t=2026-04-20T08:17:08.907973592Z level=info msg="Migration successfully executed" id="create cloud_migration_snapshot_partition table v1" duration=202.292µs
grafana-1     | logger=migrator t=2026-04-20T08:17:08.911091234Z level=info msg="Executing migration" id="add cloud_migration_snapshot_partition srp_unique index"
grafana-1     | logger=migrator t=2026-04-20T08:17:08.911348193Z level=info msg="Migration successfully executed" id="add cloud_migration_snapshot_partition srp_unique index" duration=268.793µs
grafana-1     | logger=migrator t=2026-04-20T08:17:08.912969994Z level=info msg="Executing migration" id="add resource_storage_type column to cloud_migration_snapshot table"
grafana-1     | logger=migrator t=2026-04-20T08:17:08.913963749Z level=info msg="Migration successfully executed" id="add resource_storage_type column to cloud_migration_snapshot table" duration=993.964µs
grafana-1     | logger=migrator t=2026-04-20T08:17:08.917062682Z level=info msg="Executing migration" id="add encryption_algo column to cloud_migration_snapshot table"
grafana-1     | logger=migrator t=2026-04-20T08:17:08.917985479Z level=info msg="Migration successfully executed" id="add encryption_algo column to cloud_migration_snapshot table" duration=923.255µs
grafana-1     | logger=migrator t=2026-04-20T08:17:08.920419992Z level=info msg="Executing migration" id="add metadata column to cloud_migration_snapshot table"
grafana-1     | logger=migrator t=2026-04-20T08:17:08.921545623Z level=info msg="Migration successfully executed" id="add metadata column to cloud_migration_snapshot table" duration=1.125964ms
grafana-1     | logger=migrator t=2026-04-20T08:17:08.925402644Z level=info msg="Executing migration" id="add public_key column to cloud_migration_snapshot table"
grafana-1     | logger=migrator t=2026-04-20T08:17:08.926566983Z level=info msg="Migration successfully executed" id="add public_key column to cloud_migration_snapshot table" duration=1.159756ms
grafana-1     | logger=migrator t=2026-04-20T08:17:08.929482082Z level=info msg="Executing migration" id="drop my_row_id and add primary key with columns snapshot_uid,resource_type,partition_number to table cloud_migration_snapshot_partition if my_row_id exists (auto-generated mysql column)"
grafana-1     | logger=migrator t=2026-04-20T08:17:08.929579875Z level=warn msg="Skipping migration: Already executed, but not recorded in migration log" id="drop my_row_id and add primary key with columns snapshot_uid,resource_type,partition_number to table cloud_migration_snapshot_partition if my_row_id exists (auto-generated mysql column)"
grafana-1     | logger=migrator t=2026-04-20T08:17:08.932516932Z level=info msg="Executing migration" id="drop unique index UQE_cloud_migration_snapshot_partition_srp_unique from cloud_migration_snapshot_partition table if it exists (mysql)"
grafana-1     | logger=migrator t=2026-04-20T08:17:08.932584599Z level=info msg="Migration successfully executed" id="drop unique index UQE_cloud_migration_snapshot_partition_srp_unique from cloud_migration_snapshot_partition table if it exists (mysql)" duration=71.625µs
grafana-1     | logger=migrator t=2026-04-20T08:17:08.934706902Z level=info msg="Executing migration" id="add primary key with columns snapshot_uid,resource_type,partition_number to table cloud_migration_snapshot_partition if it doesn't exist (mysql)"
grafana-1     | logger=migrator t=2026-04-20T08:17:08.934725485Z level=info msg="Migration successfully executed" id="add primary key with columns snapshot_uid,resource_type,partition_number to table cloud_migration_snapshot_partition if it doesn't exist (mysql)" duration=37.25µs
grafana-1     | logger=migrator t=2026-04-20T08:17:08.937927503Z level=info msg="Executing migration" id="add primary key with columns snapshot_uid,resource_type,partition_number to table cloud_migration_snapshot_partition (postgres and sqlite)"
grafana-1     | logger=migrator t=2026-04-20T08:17:08.940725809Z level=info msg="Migration successfully executed" id="add primary key with columns snapshot_uid,resource_type,partition_number to table cloud_migration_snapshot_partition (postgres and sqlite)" duration=2.798098ms
grafana-1     | logger=migrator t=2026-04-20T08:17:08.943473866Z level=info msg="Executing migration" id="alter kv_store.value to longtext"
grafana-1     | logger=migrator t=2026-04-20T08:17:08.943492741Z level=info msg="Migration successfully executed" id="alter kv_store.value to longtext" duration=20.751µs
grafana-1     | logger=migrator t=2026-04-20T08:17:08.945332792Z level=info msg="Executing migration" id="add notification_settings column to alert_rule table"
grafana-1     | logger=migrator t=2026-04-20T08:17:08.946227381Z level=info msg="Migration successfully executed" id="add notification_settings column to alert_rule table" duration=895.214µs
grafana-1     | logger=migrator t=2026-04-20T08:17:08.948290183Z level=info msg="Executing migration" id="add notification_settings column to alert_rule_version table"
grafana-1     | logger=migrator t=2026-04-20T08:17:08.949386898Z level=info msg="Migration successfully executed" id="add notification_settings column to alert_rule_version table" duration=1.097506ms
grafana-1     | logger=migrator t=2026-04-20T08:17:08.950670488Z level=info msg="Executing migration" id="removing scope from alert.instances:read action migration"
grafana-1     | logger=migrator t=2026-04-20T08:17:08.950768405Z level=info msg="Migration successfully executed" id="removing scope from alert.instances:read action migration" duration=98.334µs
grafana-1     | logger=migrator t=2026-04-20T08:17:08.952658207Z level=info msg="Executing migration" id="managed folder permissions alerting silences actions migration"
grafana-1     | logger=migrator t=2026-04-20T08:17:08.952755582Z level=info msg="Migration successfully executed" id="managed folder permissions alerting silences actions migration" duration=97.917µs
grafana-1     | logger=migrator t=2026-04-20T08:17:08.954422966Z level=info msg="Executing migration" id="add record column to alert_rule table"
grafana-1     | logger=migrator t=2026-04-20T08:17:08.955440555Z level=info msg="Migration successfully executed" id="add record column to alert_rule table" duration=1.01813ms
grafana-1     | logger=migrator t=2026-04-20T08:17:08.956859146Z level=info msg="Executing migration" id="add record column to alert_rule_version table"
grafana-1     | logger=migrator t=2026-04-20T08:17:08.957898943Z level=info msg="Migration successfully executed" id="add record column to alert_rule_version table" duration=1.041006ms
grafana-1     | logger=migrator t=2026-04-20T08:17:08.961715214Z level=info msg="Executing migration" id="add resolved_at column to alert_instance table"
grafana-1     | logger=migrator t=2026-04-20T08:17:08.962666261Z level=info msg="Migration successfully executed" id="add resolved_at column to alert_instance table" duration=948.589µs
grafana-1     | logger=migrator t=2026-04-20T08:17:08.964972106Z level=info msg="Executing migration" id="add last_sent_at column to alert_instance table"
grafana-1     | logger=migrator t=2026-04-20T08:17:08.966204155Z level=info msg="Migration successfully executed" id="add last_sent_at column to alert_instance table" duration=1.23159ms
grafana-1     | logger=migrator t=2026-04-20T08:17:08.967633954Z level=info msg="Executing migration" id="Add scope to alert.notifications.receivers:read and alert.notifications.receivers.secrets:read"
grafana-1     | logger=migrator t=2026-04-20T08:17:08.967724829Z level=info msg="Migration successfully executed" id="Add scope to alert.notifications.receivers:read and alert.notifications.receivers.secrets:read" duration=88.417µs
grafana-1     | logger=migrator t=2026-04-20T08:17:08.968754002Z level=info msg="Executing migration" id="add metadata column to alert_rule table"
grafana-1     | logger=migrator t=2026-04-20T08:17:08.969756507Z level=info msg="Migration successfully executed" id="add metadata column to alert_rule table" duration=1.001714ms
grafana-1     | logger=migrator t=2026-04-20T08:17:08.971133014Z level=info msg="Executing migration" id="add metadata column to alert_rule_version table"
grafana-1     | logger=migrator t=2026-04-20T08:17:08.971968519Z level=info msg="Migration successfully executed" id="add metadata column to alert_rule_version table" duration=835.546µs
grafana-1     | logger=migrator t=2026-04-20T08:17:08.973874196Z level=info msg="Executing migration" id="delete orphaned service account permissions"
grafana-1     | logger=migrator t=2026-04-20T08:17:08.974051363Z level=info msg="Migration successfully executed" id="delete orphaned service account permissions" duration=170.876µs
grafana-1     | logger=migrator t=2026-04-20T08:17:08.975737706Z level=info msg="Executing migration" id="adding action set permissions"
grafana-1     | logger=migrator t=2026-04-20T08:17:08.975870206Z level=info msg="Migration successfully executed" id="adding action set permissions" duration=132.917µs
grafana-1     | logger=migrator t=2026-04-20T08:17:08.977618383Z level=info msg="Executing migration" id="create user_external_session table"
grafana-1     | logger=migrator t=2026-04-20T08:17:08.977861384Z level=info msg="Migration successfully executed" id="create user_external_session table" duration=243.751µs
grafana-1     | logger=migrator t=2026-04-20T08:17:08.979508559Z level=info msg="Executing migration" id="increase name_id column length to 1024"
grafana-1     | logger=migrator t=2026-04-20T08:17:08.979546018Z level=info msg="Migration successfully executed" id="increase name_id column length to 1024" duration=38.126µs
grafana-1     | logger=migrator t=2026-04-20T08:17:08.980508606Z level=info msg="Executing migration" id="increase session_id column length to 1024"
grafana-1     | logger=migrator t=2026-04-20T08:17:08.980537648Z level=info msg="Migration successfully executed" id="increase session_id column length to 1024" duration=29.583µs
grafana-1     | logger=migrator t=2026-04-20T08:17:08.981584446Z level=info msg="Executing migration" id="remove scope from alert.notifications.receivers:create"
grafana-1     | logger=migrator t=2026-04-20T08:17:08.981735071Z level=info msg="Migration successfully executed" id="remove scope from alert.notifications.receivers:create" duration=141.168µs
grafana-1     | logger=migrator t=2026-04-20T08:17:08.98329208Z level=info msg="Executing migration" id="add created_by column to alert_rule_version table"
grafana-1     | logger=migrator t=2026-04-20T08:17:08.984355502Z level=info msg="Migration successfully executed" id="add created_by column to alert_rule_version table" duration=1.063923ms
grafana-1     | logger=migrator t=2026-04-20T08:17:08.985609467Z level=info msg="Executing migration" id="add updated_by column to alert_rule table"
grafana-1     | logger=migrator t=2026-04-20T08:17:08.986575972Z level=info msg="Migration successfully executed" id="add updated_by column to alert_rule table" duration=970.297µs
grafana-1     | logger=migrator t=2026-04-20T08:17:08.988312982Z level=info msg="Executing migration" id="add alert_rule_state table"
grafana-1     | logger=migrator t=2026-04-20T08:17:08.988579733Z level=info msg="Migration successfully executed" id="add alert_rule_state table" duration=268.085µs
grafana-1     | logger=migrator t=2026-04-20T08:17:08.98989349Z level=info msg="Executing migration" id="add index to alert_rule_state on org_id and rule_uid columns"
grafana-1     | logger=migrator t=2026-04-20T08:17:08.990147658Z level=info msg="Migration successfully executed" id="add index to alert_rule_state on org_id and rule_uid columns" duration=248.668µs
grafana-1     | logger=migrator t=2026-04-20T08:17:08.99226367Z level=info msg="Executing migration" id="add guid column to alert_rule table"
grafana-1     | logger=migrator t=2026-04-20T08:17:08.993230716Z level=info msg="Migration successfully executed" id="add guid column to alert_rule table" duration=967.463µs
grafana-1     | logger=migrator t=2026-04-20T08:17:08.994573557Z level=info msg="Executing migration" id="add rule_guid column to alert_rule_version table"
grafana-1     | logger=migrator t=2026-04-20T08:17:08.995634813Z level=info msg="Migration successfully executed" id="add rule_guid column to alert_rule_version table" duration=1.060173ms
grafana-1     | logger=migrator t=2026-04-20T08:17:08.997401572Z level=info msg="Executing migration" id="cleanup alert_rule_version table"
grafana-1     | logger=migrator t=2026-04-20T08:17:08.997417489Z level=info msg="Rule version record limit is not set, fallback to 100" limit=0
grafana-1     | logger=migrator t=2026-04-20T08:17:08.997498198Z level=info msg="Cleaning up table `alert_rule_version`" batchSize=50 batches=0 keepVersions=100
grafana-1     | logger=migrator t=2026-04-20T08:17:08.997502989Z level=info msg="Migration successfully executed" id="cleanup alert_rule_version table" duration=102.626µs
grafana-1     | logger=migrator t=2026-04-20T08:17:08.998876163Z level=info msg="Executing migration" id="populate rule guid in alert rule table"
grafana-1     | logger=migrator t=2026-04-20T08:17:08.998990622Z level=info msg="Migration successfully executed" id="populate rule guid in alert rule table" duration=114.834µs
grafana-1     | logger=migrator t=2026-04-20T08:17:09.001138551Z level=info msg="Executing migration" id="drop index in alert_rule_version table on rule_org_id, rule_uid and version columns"
grafana-1     | logger=migrator t=2026-04-20T08:17:09.001400719Z level=info msg="Migration successfully executed" id="drop index in alert_rule_version table on rule_org_id, rule_uid and version columns" duration=258.669µs
grafana-1     | logger=migrator t=2026-04-20T08:17:09.002850268Z level=info msg="Executing migration" id="add index in alert_rule_version table on rule_org_id, rule_uid, rule_guid and version columns"
grafana-1     | logger=migrator t=2026-04-20T08:17:09.00316027Z level=info msg="Migration successfully executed" id="add index in alert_rule_version table on rule_org_id, rule_uid, rule_guid and version columns" duration=309.96µs
grafana-1     | logger=migrator t=2026-04-20T08:17:09.004650028Z level=info msg="Executing migration" id="add index in alert_rule_version table on rule_guid and version columns"
grafana-1     | logger=migrator t=2026-04-20T08:17:09.004882695Z level=info msg="Migration successfully executed" id="add index in alert_rule_version table on rule_guid and version columns" duration=232.709µs
grafana-1     | logger=migrator t=2026-04-20T08:17:09.006863789Z level=info msg="Executing migration" id="add index in alert_rule table on guid columns"
grafana-1     | logger=migrator t=2026-04-20T08:17:09.007179916Z level=info msg="Migration successfully executed" id="add index in alert_rule table on guid columns" duration=316.918µs
grafana-1     | logger=migrator t=2026-04-20T08:17:09.008530215Z level=info msg="Executing migration" id="add keep_firing_for column to alert_rule"
grafana-1     | logger=migrator t=2026-04-20T08:17:09.009570387Z level=info msg="Migration successfully executed" id="add keep_firing_for column to alert_rule" duration=1.040714ms
grafana-1     | logger=migrator t=2026-04-20T08:17:09.013205365Z level=info msg="Executing migration" id="add keep_firing_for column to alert_rule_version"
grafana-1     | logger=migrator t=2026-04-20T08:17:09.014527289Z level=info msg="Migration successfully executed" id="add keep_firing_for column to alert_rule_version" duration=1.322257ms
grafana-1     | logger=migrator t=2026-04-20T08:17:09.016371215Z level=info msg="Executing migration" id="add missing_series_evals_to_resolve column to alert_rule"
grafana-1     | logger=migrator t=2026-04-20T08:17:09.017462221Z level=info msg="Migration successfully executed" id="add missing_series_evals_to_resolve column to alert_rule" duration=1.068173ms
grafana-1     | logger=migrator t=2026-04-20T08:17:09.018708394Z level=info msg="Executing migration" id="add missing_series_evals_to_resolve column to alert_rule_version"
grafana-1     | logger=migrator t=2026-04-20T08:17:09.019884109Z level=info msg="Migration successfully executed" id="add missing_series_evals_to_resolve column to alert_rule_version" duration=1.176382ms
grafana-1     | logger=migrator t=2026-04-20T08:17:09.021450076Z level=info msg="Executing migration" id="remove the datasources:drilldown action"
grafana-1     | logger=migrator t=2026-04-20T08:17:09.021497201Z level=info msg="Removed 0 datasources:drilldown permissions"
grafana-1     | logger=migrator t=2026-04-20T08:17:09.021499868Z level=info msg="Migration successfully executed" id="remove the datasources:drilldown action" duration=50.292µs
grafana-1     | logger=migrator t=2026-04-20T08:17:09.022706374Z level=info msg="Executing migration" id="remove title in folder unique index"
grafana-1     | logger=migrator t=2026-04-20T08:17:09.02294875Z level=info msg="Migration successfully executed" id="remove title in folder unique index" duration=242.501µs
grafana-1     | logger=migrator t=2026-04-20T08:17:09.024198049Z level=info msg="Executing migration" id="add fired_at column to alert_instance table"
grafana-1     | logger=migrator t=2026-04-20T08:17:09.025080595Z level=info msg="Migration successfully executed" id="add fired_at column to alert_instance table" duration=882.754µs
grafana-1     | logger=migrator t=2026-04-20T08:17:09.026244393Z level=info msg="Executing migration" id="ensure rule_group column is case sensitive in returned results"
grafana-1     | logger=migrator t=2026-04-20T08:17:09.02626581Z level=info msg="Migration successfully executed" id="ensure rule_group column is case sensitive in returned results" duration=21.833µs
grafana-1     | logger=migrator t=2026-04-20T08:17:09.027825943Z level=info msg="Executing migration" id="expand created_by in alert_rule_version table"
grafana-1     | logger=migrator t=2026-04-20T08:17:09.02784611Z level=info msg="Migration successfully executed" id="expand created_by in alert_rule_version table" duration=20.875µs
grafana-1     | logger=migrator t=2026-04-20T08:17:09.029104033Z level=info msg="Executing migration" id="expand updated_by in alert_rule table"
grafana-1     | logger=migrator t=2026-04-20T08:17:09.0291162Z level=info msg="Migration successfully executed" id="expand updated_by in alert_rule table" duration=12.376µs
grafana-1     | logger=migrator t=2026-04-20T08:17:09.030548832Z level=info msg="Executing migration" id="add index in alert_rule on org_id, namespace_uid, rule_group and rule_group_idx columns"
grafana-1     | logger=migrator t=2026-04-20T08:17:09.030798959Z level=info msg="Migration successfully executed" id="add index in alert_rule on org_id, namespace_uid, rule_group and rule_group_idx columns" duration=250.21µs
grafana-1     | logger=migrator t=2026-04-20T08:17:09.032283508Z level=info msg="Executing migration" id="add annotations column to alert_instance table"
grafana-1     | logger=migrator t=2026-04-20T08:17:09.033659182Z level=info msg="Migration successfully executed" id="add annotations column to alert_instance table" duration=1.381591ms
grafana-1     | logger=migrator t=2026-04-20T08:17:09.035790444Z level=info msg="Executing migration" id="ensure namespace_uid column sorts the same way as golang"
grafana-1     | logger=migrator t=2026-04-20T08:17:09.035824194Z level=info msg="Migration successfully executed" id="ensure namespace_uid column sorts the same way as golang" duration=34.876µs
grafana-1     | logger=migrator t=2026-04-20T08:17:09.038127831Z level=info msg="Executing migration" id="ensure rule_group column sorts the same way as golang"
grafana-1     | logger=migrator t=2026-04-20T08:17:09.038193248Z level=info msg="Migration successfully executed" id="ensure rule_group column sorts the same way as golang" duration=71.042µs
grafana-1     | logger=migrator t=2026-04-20T08:17:09.039573547Z level=info msg="Executing migration" id="add 'alert.notifications.receivers.protected:write' to receiver admins"
grafana-1     | logger=migrator t=2026-04-20T08:17:09.03981909Z level=info msg="Migration successfully executed" id="add 'alert.notifications.receivers.protected:write' to receiver admins" duration=245.543µs
grafana-1     | logger=migrator t=2026-04-20T08:17:09.041706809Z level=info msg="Executing migration" id="add evaluation_duration_ns column to alert_instance table"
grafana-1     | logger=migrator t=2026-04-20T08:17:09.042797731Z level=info msg="Migration successfully executed" id="add evaluation_duration_ns column to alert_instance table" duration=1.090965ms
grafana-1     | logger=migrator t=2026-04-20T08:17:09.044543866Z level=info msg="Executing migration" id="add last_error column to alert_instance table"
grafana-1     | logger=migrator t=2026-04-20T08:17:09.045647871Z level=info msg="Migration successfully executed" id="add last_error column to alert_instance table" duration=1.104172ms
grafana-1     | logger=migrator t=2026-04-20T08:17:09.046621877Z level=info msg="Executing migration" id="add last_result column to alert_instance table"
grafana-1     | logger=migrator t=2026-04-20T08:17:09.0479378Z level=info msg="Migration successfully executed" id="add last_result column to alert_instance table" duration=1.315923ms
grafana-1     | logger=migrator t=2026-04-20T08:17:09.049470684Z level=info msg="Executing migration" id="add 'alert.notifications.receivers.test:create' to managed roles"
grafana-1     | logger=migrator t=2026-04-20T08:17:09.049637976Z level=info msg="Migration successfully executed" id="add 'alert.notifications.receivers.test:create' to managed roles" duration=167.418µs
grafana-1     | logger=migrator t=2026-04-20T08:17:09.051238818Z level=info msg="Executing migration" id="add folder_fullpath column to alert_rule"
grafana-1     | logger=migrator t=2026-04-20T08:17:09.052268823Z level=info msg="Migration successfully executed" id="add folder_fullpath column to alert_rule" duration=1.029964ms
grafana-1     | logger=migrator t=2026-04-20T08:17:09.054232917Z level=info msg="Executing migration" id="add index on folder_fullpath in alert_rule"
grafana-1     | logger=migrator t=2026-04-20T08:17:09.05448596Z level=info msg="Migration successfully executed" id="add index on folder_fullpath in alert_rule" duration=253.501µs
grafana-1     | logger=migrator t=2026-04-20T08:17:09.056913473Z level=info msg="Executing migration" id="add alert_routing column to alert_rule table"
grafana-1     | logger=migrator t=2026-04-20T08:17:09.05789352Z level=info msg="Migration successfully executed" id="add alert_routing column to alert_rule table" duration=980.338µs
grafana-1     | logger=migrator t=2026-04-20T08:17:09.059060026Z level=info msg="Executing migration" id="add alert_routing column to alert_rule_version table"
grafana-1     | logger=migrator t=2026-04-20T08:17:09.059971656Z level=info msg="Migration successfully executed" id="add alert_routing column to alert_rule_version table" duration=911.713µs
grafana-1     | logger=migrator t=2026-04-20T08:17:09.06156454Z level=info msg="Executing migration" id="grant basic roles access to default notification policy"
grafana-1     | logger=migrator t=2026-04-20T08:17:09.061745041Z level=info msg="No managed roles found for editor/viewer, skipping default notification policy permissions"
grafana-1     | logger=migrator t=2026-04-20T08:17:09.061763207Z level=info msg="Migration successfully executed" id="grant basic roles access to default notification policy" duration=199.626µs
grafana-1     | logger=migrator t=2026-04-20T08:17:09.064754682Z level=info msg="migrations completed" performed=709 skipped=0 duration=1.870562363s
grafana-1     | logger=migrator t=2026-04-20T08:17:09.064895516Z level=info msg="Unlocking database"
grafana-1     | logger=sqlstore t=2026-04-20T08:17:09.069561332Z level=info msg="Created default admin" user=admin
grafana-1     | logger=sqlstore t=2026-04-20T08:17:09.069708917Z level=info msg="Created default organization"
grafana-1     | logger=secrets t=2026-04-20T08:17:09.070962882Z level=info msg="Envelope encryption state" currentprovider=secretKey.v1
grafana-1     | logger=plugin.angulardetectorsprovider.dynamic t=2026-04-20T08:17:09.170569913Z level=info msg="Restored cache from database" duration=164.793µs
grafana-1     | logger=accesscontrol.service t=2026-04-20T08:17:09.182570227Z level=info msg="Starting migration to remove deprecated permissions" migration=removeDeprecatedPermissions
grafana-1     | logger=accesscontrol.service t=2026-04-20T08:17:09.182764562Z level=info msg="Completed migration to remove deprecated permissions" migration=removeDeprecatedPermissions totalRemoved=0 duration=195.251µs
grafana-1     | logger=plugin.store t=2026-04-20T08:17:09.182920646Z level=info msg="Loading plugins..."
grafana-1     | logger=plugins.registration t=2026-04-20T08:17:09.343890838Z level=info msg="Plugin registered" pluginId=elasticsearch
grafana-1     | logger=plugin.store t=2026-04-20T08:17:09.344005631Z level=info msg="Plugins loaded" count=52 duration=161.084443ms
grafana-1     | logger=authz-grpc-server t=2026-04-20T08:17:09.344592342Z level=info msg="cache ttl is 0, using noop cache"
grafana-1     | logger=authz-grpc-server t=2026-04-20T08:17:09.344665176Z level=info msg="cache ttl is 0, using noop cache"
grafana-1     | logger=authz-grpc-server t=2026-04-20T08:17:09.344669343Z level=info msg="cache ttl is 0, using noop cache"
grafana-1     | logger=authz-grpc-server t=2026-04-20T08:17:09.344670968Z level=info msg="cache ttl is 0, using noop cache"
grafana-1     | logger=authz-grpc-server t=2026-04-20T08:17:09.344672759Z level=info msg="cache ttl is 0, using noop cache"
grafana-1     | logger=secret-migrator t=2026-04-20T08:17:09.344990803Z level=info msg="Locking database"
grafana-1     | logger=secret-migrator t=2026-04-20T08:17:09.345013719Z level=info msg="Starting DB migrations"
grafana-1     | logger=secret-migrator t=2026-04-20T08:17:09.345648265Z level=info msg="Executing migration" id="create secret_migration_log table"
grafana-1     | logger=secret-migrator t=2026-04-20T08:17:09.345924391Z level=info msg="Migration successfully executed" id="create secret_migration_log table" duration=276.168µs
grafana-1     | logger=secret-migrator t=2026-04-20T08:17:09.349746203Z level=info msg="Executing migration" id="Initialize secrets tables"
grafana-1     | logger=secret-migrator t=2026-04-20T08:17:09.349782328Z level=info msg="Migration successfully executed" id="Initialize secrets tables" duration=37.125µs
grafana-1     | logger=secret-migrator t=2026-04-20T08:17:09.353897934Z level=info msg="Executing migration" id="drop table secret_secure_value"
grafana-1     | logger=secret-migrator t=2026-04-20T08:17:09.354025851Z level=info msg="Migration successfully executed" id="drop table secret_secure_value" duration=129.126µs
grafana-1     | logger=secret-migrator t=2026-04-20T08:17:09.356172404Z level=info msg="Executing migration" id="create table secret_secure_value"
grafana-1     | logger=secret-migrator t=2026-04-20T08:17:09.356474406Z level=info msg="Migration successfully executed" id="create table secret_secure_value" duration=303.793µs
grafana-1     | logger=secret-migrator t=2026-04-20T08:17:09.357682537Z level=info msg="Executing migration" id="create table secret_secure_value, index: 0"
grafana-1     | logger=secret-migrator t=2026-04-20T08:17:09.357872746Z level=info msg="Migration successfully executed" id="create table secret_secure_value, index: 0" duration=190.959µs
grafana-1     | logger=secret-migrator t=2026-04-20T08:17:09.359613214Z level=info msg="Executing migration" id="create table secret_secure_value, index: 1"
grafana-1     | logger=secret-migrator t=2026-04-20T08:17:09.359893091Z level=info msg="Migration successfully executed" id="create table secret_secure_value, index: 1" duration=280.377µs
grafana-1     | logger=secret-migrator t=2026-04-20T08:17:09.362355604Z level=info msg="Executing migration" id="drop table secret_keeper"
grafana-1     | logger=secret-migrator t=2026-04-20T08:17:09.362418979Z level=info msg="Migration successfully executed" id="drop table secret_keeper" duration=64.208µs
grafana-1     | logger=secret-migrator t=2026-04-20T08:17:09.363922904Z level=info msg="Executing migration" id="create table secret_keeper"
grafana-1     | logger=secret-migrator t=2026-04-20T08:17:09.36413578Z level=info msg="Migration successfully executed" id="create table secret_keeper" duration=213.543µs
grafana-1     | logger=secret-migrator t=2026-04-20T08:17:09.366139624Z level=info msg="Executing migration" id="create table secret_keeper, index: 0"
grafana-1     | logger=secret-migrator t=2026-04-20T08:17:09.366486959Z level=info msg="Migration successfully executed" id="create table secret_keeper, index: 0" duration=348.835µs
grafana-1     | logger=secret-migrator t=2026-04-20T08:17:09.368284469Z level=info msg="Executing migration" id="drop table secret_data_key"
grafana-1     | logger=secret-migrator t=2026-04-20T08:17:09.368390511Z level=info msg="Migration successfully executed" id="drop table secret_data_key" duration=106.959µs
grafana-1     | logger=secret-migrator t=2026-04-20T08:17:09.370204021Z level=info msg="Executing migration" id="create table secret_data_key"
grafana-1     | logger=secret-migrator t=2026-04-20T08:17:09.370501106Z level=info msg="Migration successfully executed" id="create table secret_data_key" duration=297.751µs
grafana-1     | logger=secret-migrator t=2026-04-20T08:17:09.373214662Z level=info msg="Executing migration" id="drop table secret_encrypted_value"
grafana-1     | logger=secret-migrator t=2026-04-20T08:17:09.373423788Z level=info msg="Migration successfully executed" id="drop table secret_encrypted_value" duration=208.96µs
grafana-1     | logger=secret-migrator t=2026-04-20T08:17:09.375826551Z level=info msg="Executing migration" id="create table secret_encrypted_value"
grafana-1     | logger=secret-migrator t=2026-04-20T08:17:09.376123094Z level=info msg="Migration successfully executed" id="create table secret_encrypted_value" duration=297.294µs
grafana-1     | logger=secret-migrator t=2026-04-20T08:17:09.37785077Z level=info msg="Executing migration" id="create table secret_encrypted_value, index: 0"
grafana-1     | logger=secret-migrator t=2026-04-20T08:17:09.378193397Z level=info msg="Migration successfully executed" id="create table secret_encrypted_value, index: 0" duration=341.293µs
grafana-1     | logger=secret-migrator t=2026-04-20T08:17:09.379651696Z level=info msg="Executing migration" id="create index for list on secret_secure_value"
grafana-1     | logger=secret-migrator t=2026-04-20T08:17:09.37986028Z level=info msg="Migration successfully executed" id="create index for list on secret_secure_value" duration=210.293µs
grafana-1     | logger=secret-migrator t=2026-04-20T08:17:09.381078454Z level=info msg="Executing migration" id="create index for list and read current on secret_data_key"
grafana-1     | logger=secret-migrator t=2026-04-20T08:17:09.381327122Z level=info msg="Migration successfully executed" id="create index for list and read current on secret_data_key" duration=249.834µs
grafana-1     | logger=secret-migrator t=2026-04-20T08:17:09.382774629Z level=info msg="Executing migration" id="add owner_reference_api_group column to secret_secure_value"
grafana-1     | logger=secret-migrator t=2026-04-20T08:17:09.383814218Z level=info msg="Migration successfully executed" id="add owner_reference_api_group column to secret_secure_value" duration=1.03988ms
grafana-1     | logger=secret-migrator t=2026-04-20T08:17:09.384996808Z level=info msg="Executing migration" id="add owner_reference_api_version column to secret_secure_value"
grafana-1     | logger=secret-migrator t=2026-04-20T08:17:09.38600073Z level=info msg="Migration successfully executed" id="add owner_reference_api_version column to secret_secure_value" duration=1.003422ms
grafana-1     | logger=secret-migrator t=2026-04-20T08:17:09.387442779Z level=info msg="Executing migration" id="add owner_reference_kind column to secret_secure_value"
grafana-1     | logger=secret-migrator t=2026-04-20T08:17:09.388402159Z level=info msg="Migration successfully executed" id="add owner_reference_kind column to secret_secure_value" duration=959.505µs
grafana-1     | logger=secret-migrator t=2026-04-20T08:17:09.38951229Z level=info msg="Executing migration" id="add owner_reference_name column to secret_secure_value"
grafana-1     | logger=secret-migrator t=2026-04-20T08:17:09.390468545Z level=info msg="Migration successfully executed" id="add owner_reference_name column to secret_secure_value" duration=956.297µs
grafana-1     | logger=secret-migrator t=2026-04-20T08:17:09.393197227Z level=info msg="Executing migration" id="add lease_token column to secret_secure_value"
grafana-1     | logger=secret-migrator t=2026-04-20T08:17:09.394223315Z level=info msg="Migration successfully executed" id="add lease_token column to secret_secure_value" duration=1.025964ms
grafana-1     | logger=secret-migrator t=2026-04-20T08:17:09.395659031Z level=info msg="Executing migration" id="add lease_token index to secret_secure_value"
grafana-1     | logger=secret-migrator t=2026-04-20T08:17:09.395885491Z level=info msg="Migration successfully executed" id="add lease_token index to secret_secure_value" duration=227.834µs
grafana-1     | logger=secret-migrator t=2026-04-20T08:17:09.397214915Z level=info msg="Executing migration" id="add lease_created column to secret_secure_value"
grafana-1     | logger=secret-migrator t=2026-04-20T08:17:09.398207628Z level=info msg="Migration successfully executed" id="add lease_created column to secret_secure_value" duration=992.755µs
grafana-1     | logger=secret-migrator t=2026-04-20T08:17:09.399772137Z level=info msg="Executing migration" id="add lease_created index to secret_secure_value"
grafana-1     | logger=secret-migrator t=2026-04-20T08:17:09.400023138Z level=info msg="Migration successfully executed" id="add lease_created index to secret_secure_value" duration=251.084µs
grafana-1     | logger=secret-migrator t=2026-04-20T08:17:09.401497771Z level=info msg="Executing migration" id="add data_key_id column to secret_encrypted_value"
grafana-1     | logger=secret-migrator t=2026-04-20T08:17:09.40264311Z level=info msg="Migration successfully executed" id="add data_key_id column to secret_encrypted_value" duration=1.146965ms
grafana-1     | logger=secret-migrator t=2026-04-20T08:17:09.405408459Z level=info msg="Executing migration" id="add data_key_id index to secret_encrypted_value"
grafana-1     | logger=secret-migrator t=2026-04-20T08:17:09.405668877Z level=info msg="Migration successfully executed" id="add data_key_id index to secret_encrypted_value" duration=259.793µs
grafana-1     | logger=secret-migrator t=2026-04-20T08:17:09.409017603Z level=info msg="Executing migration" id="add active column to secret_keeper"
grafana-1     | logger=secret-migrator t=2026-04-20T08:17:09.410166276Z level=info msg="Migration successfully executed" id="add active column to secret_keeper" duration=1.149298ms
grafana-1     | logger=secret-migrator t=2026-04-20T08:17:09.411660117Z level=info msg="Executing migration" id="add active column index to secret_keeper"
grafana-1     | logger=secret-migrator t=2026-04-20T08:17:09.41194716Z level=info msg="Migration successfully executed" id="add active column index to secret_keeper" duration=288.127µs
grafana-1     | logger=secret-migrator t=2026-04-20T08:17:09.414222422Z level=info msg="Executing migration" id="set secret_secure_value.keeper to 'system' where keeper is null in secret_secure_value"
grafana-1     | logger=secret-migrator t=2026-04-20T08:17:09.414345881Z level=info msg="Migration successfully executed" id="set secret_secure_value.keeper to 'system' where keeper is null in secret_secure_value" duration=124.459µs
grafana-1     | logger=secret-migrator t=2026-04-20T08:17:09.416416726Z level=info msg="Executing migration" id="drop my_row_id and add primary key with columns namespace,name,version to table secret_encrypted_value if my_row_id exists (auto-generated mysql column)"
grafana-1     | logger=secret-migrator t=2026-04-20T08:17:09.416534268Z level=warn msg="Skipping migration: Already executed, but not recorded in migration log" id="drop my_row_id and add primary key with columns namespace,name,version to table secret_encrypted_value if my_row_id exists (auto-generated mysql column)"
grafana-1     | logger=secret-migrator t=2026-04-20T08:17:09.417773441Z level=info msg="Executing migration" id="drop unique index UQE_secret_encrypted_value_namespace_name_version from secret_encrypted_value table if it exists (mysql)"
grafana-1     | logger=secret-migrator t=2026-04-20T08:17:09.417887983Z level=info msg="Migration successfully executed" id="drop unique index UQE_secret_encrypted_value_namespace_name_version from secret_encrypted_value table if it exists (mysql)" duration=115.042µs
grafana-1     | logger=secret-migrator t=2026-04-20T08:17:09.419923786Z level=info msg="Executing migration" id="add primary key with columns namespace,name,version to table secret_encrypted_value if it doesn't exist (mysql)"
grafana-1     | logger=secret-migrator t=2026-04-20T08:17:09.41998362Z level=info msg="Migration successfully executed" id="add primary key with columns namespace,name,version to table secret_encrypted_value if it doesn't exist (mysql)" duration=60.376µs
grafana-1     | logger=secret-migrator t=2026-04-20T08:17:09.421788254Z level=info msg="Executing migration" id="add primary key with columns namespace,name,version to table secret_encrypted_value (postgres and sqlite)"
grafana-1     | logger=secret-migrator t=2026-04-20T08:17:09.425113647Z level=info msg="Migration successfully executed" id="add primary key with columns namespace,name,version to table secret_encrypted_value (postgres and sqlite)" duration=3.324892ms
grafana-1     | logger=secret-migrator t=2026-04-20T08:17:09.427004282Z level=info msg="migrations completed" performed=33 skipped=0 duration=81.373768ms
grafana-1     | logger=secret-migrator t=2026-04-20T08:17:09.427264784Z level=info msg="Unlocking database"
grafana-1     | logger=resource-db t=2026-04-20T08:17:09.430170799Z level=info msg="Using database section" db_type=sqlite3
grafana-1     | logger=resource-db t=2026-04-20T08:17:09.4302668Z level=info msg="Initializing Resource DB" db_type=sqlite3 open_conn=0 in_use_conn=0 idle_conn=0 max_open_conn=0
grafana-1     | logger=resource-migrator t=2026-04-20T08:17:09.430530343Z level=info msg="Locking database"
grafana-1     | logger=resource-migrator t=2026-04-20T08:17:09.430572843Z level=info msg="Starting DB migrations"
grafana-1     | logger=resource-migrator t=2026-04-20T08:17:09.431775391Z level=info msg="Executing migration" id="create resource_migration_log table"
grafana-1     | logger=resource-migrator t=2026-04-20T08:17:09.43199685Z level=info msg="Migration successfully executed" id="create resource_migration_log table" duration=221.751µs
grafana-1     | logger=resource-migrator t=2026-04-20T08:17:09.434806824Z level=info msg="Executing migration" id="Initialize resource tables"
grafana-1     | logger=resource-migrator t=2026-04-20T08:17:09.434871657Z level=info msg="Migration successfully executed" id="Initialize resource tables" duration=65.584µs
grafana-1     | logger=resource-migrator t=2026-04-20T08:17:09.436864168Z level=info msg="Executing migration" id="drop table resource"
grafana-1     | logger=resource-migrator t=2026-04-20T08:17:09.436955919Z level=info msg="Migration successfully executed" id="drop table resource" duration=91.417µs
grafana-1     | logger=resource-migrator t=2026-04-20T08:17:09.43850651Z level=info msg="Executing migration" id="create table resource"
grafana-1     | logger=resource-migrator t=2026-04-20T08:17:09.438711178Z level=info msg="Migration successfully executed" id="create table resource" duration=205.084µs
grafana-1     | logger=resource-migrator t=2026-04-20T08:17:09.440455396Z level=info msg="Executing migration" id="create table resource, index: 0"
grafana-1     | logger=resource-migrator t=2026-04-20T08:17:09.440695772Z level=info msg="Migration successfully executed" id="create table resource, index: 0" duration=240.709µs
grafana-1     | logger=resource-migrator t=2026-04-20T08:17:09.441766569Z level=info msg="Executing migration" id="drop table resource_history"
grafana-1     | logger=resource-migrator t=2026-04-20T08:17:09.441848486Z level=info msg="Migration successfully executed" id="drop table resource_history" duration=82.292µs
grafana-1     | logger=resource-migrator t=2026-04-20T08:17:09.443339661Z level=info msg="Executing migration" id="create table resource_history"
grafana-1     | logger=resource-migrator t=2026-04-20T08:17:09.443579412Z level=info msg="Migration successfully executed" id="create table resource_history" duration=241.293µs
grafana-1     | logger=resource-migrator t=2026-04-20T08:17:09.444880378Z level=info msg="Executing migration" id="create table resource_history, index: 0"
grafana-1     | logger=resource-migrator t=2026-04-20T08:17:09.445339213Z level=info msg="Migration successfully executed" id="create table resource_history, index: 0" duration=458.919µs
grafana-1     | logger=resource-migrator t=2026-04-20T08:17:09.448465105Z level=info msg="Executing migration" id="create table resource_history, index: 1"
grafana-1     | logger=resource-migrator t=2026-04-20T08:17:09.448924441Z level=info msg="Migration successfully executed" id="create table resource_history, index: 1" duration=460.002µs
grafana-1     | logger=resource-migrator t=2026-04-20T08:17:09.453104421Z level=info msg="Executing migration" id="drop table resource_version"
grafana-1     | logger=resource-migrator t=2026-04-20T08:17:09.453252797Z level=info msg="Migration successfully executed" id="drop table resource_version" duration=147.876µs
grafana-1     | logger=resource-migrator t=2026-04-20T08:17:09.456822441Z level=info msg="Executing migration" id="create table resource_version"
grafana-1     | logger=resource-migrator t=2026-04-20T08:17:09.457083526Z level=info msg="Migration successfully executed" id="create table resource_version" duration=261.543µs
grafana-1     | logger=resource-migrator t=2026-04-20T08:17:09.460417794Z level=info msg="Executing migration" id="create table resource_version, index: 0"
grafana-1     | logger=resource-migrator t=2026-04-20T08:17:09.460660087Z level=info msg="Migration successfully executed" id="create table resource_version, index: 0" duration=244.668µs
grafana-1     | logger=resource-migrator t=2026-04-20T08:17:09.463159058Z level=info msg="Executing migration" id="drop table resource_blob"
grafana-1     | logger=resource-migrator t=2026-04-20T08:17:09.463231142Z level=info msg="Migration successfully executed" id="drop table resource_blob" duration=73µs
grafana-1     | logger=resource-migrator t=2026-04-20T08:17:09.466063366Z level=info msg="Executing migration" id="create table resource_blob"
grafana-1     | logger=resource-migrator t=2026-04-20T08:17:09.466461159Z level=info msg="Migration successfully executed" id="create table resource_blob" duration=396.502µs
grafana-1     | logger=resource-migrator t=2026-04-20T08:17:09.471043309Z level=info msg="Executing migration" id="create table resource_blob, index: 0"
grafana-1     | logger=resource-migrator t=2026-04-20T08:17:09.471483978Z level=info msg="Migration successfully executed" id="create table resource_blob, index: 0" duration=441.835µs
grafana-1     | logger=resource-migrator t=2026-04-20T08:17:09.475429707Z level=info msg="Executing migration" id="create table resource_blob, index: 1"
grafana-1     | logger=resource-migrator t=2026-04-20T08:17:09.475719834Z level=info msg="Migration successfully executed" id="create table resource_blob, index: 1" duration=290.377µs
grafana-1     | logger=resource-migrator t=2026-04-20T08:17:09.480405692Z level=info msg="Executing migration" id="drop table resource_last_import_time"
grafana-1     | logger=resource-migrator t=2026-04-20T08:17:09.480527276Z level=info msg="Migration successfully executed" id="drop table resource_last_import_time" duration=122.876µs
grafana-1     | logger=resource-migrator t=2026-04-20T08:17:09.482979748Z level=info msg="Executing migration" id="create table resource_last_import_time"
grafana-1     | logger=resource-migrator t=2026-04-20T08:17:09.483563167Z level=info msg="Migration successfully executed" id="create table resource_last_import_time" duration=582.712µs
grafana-1     | logger=resource-migrator t=2026-04-20T08:17:09.487409646Z level=info msg="Executing migration" id="Add column previous_resource_version in resource_history"
grafana-1     | logger=resource-migrator t=2026-04-20T08:17:09.488596319Z level=info msg="Migration successfully executed" id="Add column previous_resource_version in resource_history" duration=1.184256ms
grafana-1     | logger=resource-migrator t=2026-04-20T08:17:09.491108166Z level=info msg="Executing migration" id="Add column previous_resource_version in resource"
grafana-1     | logger=resource-migrator t=2026-04-20T08:17:09.492126171Z level=info msg="Migration successfully executed" id="Add column previous_resource_version in resource" duration=1.018506ms
grafana-1     | logger=resource-migrator t=2026-04-20T08:17:09.498213037Z level=info msg="Executing migration" id="Add index to resource_history for polling"
grafana-1     | logger=resource-migrator t=2026-04-20T08:17:09.498532122Z level=info msg="Migration successfully executed" id="Add index to resource_history for polling" duration=320.919µs
grafana-1     | logger=resource-migrator t=2026-04-20T08:17:09.503334356Z level=info msg="Executing migration" id="Add index to resource for loading"
grafana-1     | logger=resource-migrator t=2026-04-20T08:17:09.503613649Z level=info msg="Migration successfully executed" id="Add index to resource for loading" duration=280.668µs
grafana-1     | logger=resource-migrator t=2026-04-20T08:17:09.508508592Z level=info msg="Executing migration" id="Add column folder in resource_history"
grafana-1     | logger=resource-migrator t=2026-04-20T08:17:09.509701807Z level=info msg="Migration successfully executed" id="Add column folder in resource_history" duration=1.192965ms
grafana-1     | logger=resource-migrator t=2026-04-20T08:17:09.512537822Z level=info msg="Executing migration" id="Add column folder in resource"
grafana-1     | logger=resource-migrator t=2026-04-20T08:17:09.513572119Z level=info msg="Migration successfully executed" id="Add column folder in resource" duration=1.035255ms
grafana-1     | logger=resource-migrator t=2026-04-20T08:17:09.517493099Z level=info msg="Executing migration" id="Migrate DeletionMarkers to real Resource objects"
grafana-1     | logger=deletion-marker-migrator t=2026-04-20T08:17:09.517513432Z level=info msg="finding any deletion markers"
grafana-1     | logger=resource-migrator t=2026-04-20T08:17:09.517723516Z level=info msg="Migration successfully executed" id="Migrate DeletionMarkers to real Resource objects" duration=231.418µs
grafana-1     | logger=resource-migrator t=2026-04-20T08:17:09.519316692Z level=info msg="Executing migration" id="Add index to resource_history for get trash"
grafana-1     | logger=resource-migrator t=2026-04-20T08:17:09.51961011Z level=info msg="Migration successfully executed" id="Add index to resource_history for get trash" duration=294.002µs
grafana-1     | logger=resource-migrator t=2026-04-20T08:17:09.520885158Z level=info msg="Executing migration" id="Add generation to resource history"
grafana-1     | logger=resource-migrator t=2026-04-20T08:17:09.521984664Z level=info msg="Migration successfully executed" id="Add generation to resource history" duration=1.099547ms
grafana-1     | logger=resource-migrator t=2026-04-20T08:17:09.52492618Z level=info msg="Executing migration" id="Add generation index to resource history"
grafana-1     | logger=resource-migrator t=2026-04-20T08:17:09.525332974Z level=info msg="Migration successfully executed" id="Add generation index to resource history" duration=407.461µs
grafana-1     | logger=resource-migrator t=2026-04-20T08:17:09.529579621Z level=info msg="Executing migration" id="Add UQE_resource_last_import_time_last_import_time index"
grafana-1     | logger=resource-migrator t=2026-04-20T08:17:09.529847664Z level=info msg="Migration successfully executed" id="Add UQE_resource_last_import_time_last_import_time index" duration=269.126µs
grafana-1     | logger=resource-migrator t=2026-04-20T08:17:09.53314789Z level=info msg="Executing migration" id="Add key_path column to resource_history"
grafana-1     | logger=resource-migrator t=2026-04-20T08:17:09.53457869Z level=info msg="Migration successfully executed" id="Add key_path column to resource_history" duration=1.430633ms
grafana-1     | logger=resource-migrator t=2026-04-20T08:17:09.537615539Z level=info msg="Executing migration" id="create table resource_events"
grafana-1     | logger=resource-migrator t=2026-04-20T08:17:09.537912374Z level=info msg="Migration successfully executed" id="create table resource_events" duration=291.377µs
grafana-1     | logger=resource-migrator t=2026-04-20T08:17:09.541172017Z level=info msg="Executing migration" id="Add IDX_resource_history_key_path index"
grafana-1     | logger=resource-migrator t=2026-04-20T08:17:09.541515227Z level=info msg="Migration successfully executed" id="Add IDX_resource_history_key_path index" duration=344.501µs
grafana-1     | logger=resource-migrator t=2026-04-20T08:17:09.544585118Z level=info msg="Executing migration" id="drop my_row_id and add primary key with columns group,resource to table resource_version if my_row_id exists (auto-generated mysql column)"
grafana-1     | logger=resource-migrator t=2026-04-20T08:17:09.544723869Z level=warn msg="Skipping migration: Already executed, but not recorded in migration log" id="drop my_row_id and add primary key with columns group,resource to table resource_version if my_row_id exists (auto-generated mysql column)"
grafana-1     | logger=resource-migrator t=2026-04-20T08:17:09.547224757Z level=info msg="Executing migration" id="drop unique index UQE_resource_version_group_resource from resource_version table if it exists (mysql)"
grafana-1     | logger=resource-migrator t=2026-04-20T08:17:09.547399883Z level=info msg="Migration successfully executed" id="drop unique index UQE_resource_version_group_resource from resource_version table if it exists (mysql)" duration=175.959µs
grafana-1     | logger=resource-migrator t=2026-04-20T08:17:09.551531405Z level=info msg="Executing migration" id="add primary key with columns group,resource to table resource_version if it doesn't exist (mysql)"
grafana-1     | logger=resource-migrator t=2026-04-20T08:17:09.551541114Z level=info msg="Migration successfully executed" id="add primary key with columns group,resource to table resource_version if it doesn't exist (mysql)" duration=10.5µs
grafana-1     | logger=resource-migrator t=2026-04-20T08:17:09.554845465Z level=info msg="Executing migration" id="add primary key with columns group,resource to table resource_version (postgres and sqlite)"
grafana-1     | logger=resource-migrator t=2026-04-20T08:17:09.558602068Z level=info msg="Migration successfully executed" id="add primary key with columns group,resource to table resource_version (postgres and sqlite)" duration=3.756311ms
grafana-1     | logger=resource-migrator t=2026-04-20T08:17:09.561962128Z level=info msg="Executing migration" id="Change key_path collation of resource_history in postgres"
grafana-1     | logger=resource-migrator t=2026-04-20T08:17:09.561971211Z level=info msg="Migration successfully executed" id="Change key_path collation of resource_history in postgres" duration=8.25µs
grafana-1     | logger=resource-migrator t=2026-04-20T08:17:09.565969857Z level=info msg="Executing migration" id="Change key_path collation of resource_events in postgres"
grafana-1     | logger=resource-migrator t=2026-04-20T08:17:09.565984691Z level=info msg="Migration successfully executed" id="Change key_path collation of resource_events in postgres" duration=17.084µs
grafana-1     | logger=resource-migrator t=2026-04-20T08:17:09.569476918Z level=info msg="Executing migration" id="resource_history key_path backfill"
grafana-1     | logger=resource-migrator t=2026-04-20T08:17:09.56967621Z level=info msg="Migration successfully executed" id="resource_history key_path backfill" duration=199.751µs
grafana-1     | logger=resource-migrator t=2026-04-20T08:17:09.572859269Z level=info msg="Executing migration" id="Add index to resource_history for garbage collection"
grafana-1     | logger=resource-migrator t=2026-04-20T08:17:09.573076104Z level=info msg="Migration successfully executed" id="Add index to resource_history for garbage collection" duration=217.543µs
grafana-1     | logger=resource-migrator t=2026-04-20T08:17:09.575821493Z level=info msg="Executing migration" id="Fix small resource versions"
grafana-1     | logger=resource-migrator t=2026-04-20T08:17:09.57590816Z level=info msg="Migration successfully executed" id="Fix small resource versions" duration=87.042µs
grafana-1     | logger=resource-migrator t=2026-04-20T08:17:09.579497138Z level=info msg="Executing migration" id="create table pending_tenant_deletions"
grafana-1     | logger=resource-migrator t=2026-04-20T08:17:09.579826098Z level=info msg="Migration successfully executed" id="create table pending_tenant_deletions" duration=329.002µs
grafana-1     | logger=resource-migrator t=2026-04-20T08:17:09.582466029Z level=info msg="Executing migration" id="Change key_path collation of pending_tenant_deletions in postgres"
grafana-1     | logger=resource-migrator t=2026-04-20T08:17:09.582479695Z level=info msg="Migration successfully executed" id="Change key_path collation of pending_tenant_deletions in postgres" duration=14.792µs
grafana-1     | logger=resource-migrator t=2026-04-20T08:17:09.587375013Z level=info msg="migrations completed" performed=43 skipped=0 duration=155.614248ms
grafana-1     | logger=resource-migrator t=2026-04-20T08:17:09.587534347Z level=info msg="Unlocking database"
grafana-1     | t=2026-04-20T08:17:09.588739479Z level=info caller=logger.go:214 time=2026-04-20T08:17:09.588729395Z msg="Using channel notifier" logger=sql-resource-server
grafana-1     | logger=resource-search t=2026-04-20T08:17:09.591499619Z level=info msg="search index initialized" duration_secs=0 total_docs=0
grafana-1     | logger=unifiedstorage-migrator t=2026-04-20T08:17:09.601161795Z level=info msg="Locking database"
grafana-1     | logger=unifiedstorage-migrator t=2026-04-20T08:17:09.60121192Z level=info msg="Starting DB migrations"
grafana-1     | logger=unifiedstorage-migrator t=2026-04-20T08:17:09.602403427Z level=info msg="Executing migration" id="create unifiedstorage_migration_log table"
grafana-1     | logger=unifiedstorage-migrator t=2026-04-20T08:17:09.602736095Z level=info msg="Migration successfully executed" id="create unifiedstorage_migration_log table" duration=331.419µs
grafana-1     | logger=unifiedstorage-migrator t=2026-04-20T08:17:09.606266364Z level=info msg="migrations completed" performed=1 skipped=0 duration=3.88452ms
grafana-1     | logger=unifiedstorage-migrator t=2026-04-20T08:17:09.606468198Z level=info msg="Unlocking database"
grafana-1     | logger=storage.unified.migrations t=2026-04-20T08:17:09.606496407Z level=info msg="Running migrations for unified storage"
grafana-1     | logger=storage.unified.migrations t=2026-04-20T08:17:09.606542366Z level=info msg="Migration is disabled in config, skipping" migration=shorturls
grafana-1     | logger=storage.unified.migrations t=2026-04-20T08:17:09.606551449Z level=info msg="Migration is disabled in config, skipping" migration=datasource
grafana-1     | logger=storage.unified.migrations t=2026-04-20T08:17:09.606553282Z level=info msg="Migration is disabled in config, skipping" migration=stars
grafana-1     | logger=unifiedstorage-migrator t=2026-04-20T08:17:09.606564949Z level=info msg="Locking database"
grafana-1     | logger=unifiedstorage-migrator t=2026-04-20T08:17:09.606568616Z level=info msg="Starting DB migrations"
grafana-1     | logger=unifiedstorage-migrator t=2026-04-20T08:17:09.606713866Z level=info msg="Executing migration" id="folders and dashboards migration"
grafana-1     | logger=storage.unified.migration_runner.folders-dashboards t=2026-04-20T08:17:09.606763158Z level=info msg="Starting migration for all organizations" org_count=1 resources="[folders.folder.grafana.app dashboards.dashboard.grafana.app]"
grafana-1     | logger=storage.unified.migration_runner.folders-dashboards t=2026-04-20T08:17:09.606851409Z level=info msg="Stored migrator transaction in context for bulk operations (SQLite compatibility)"
grafana-1     | logger=storage.unified.migration_runner.folders-dashboards t=2026-04-20T08:17:09.606860201Z level=info msg="Migrating organization" org_id=1 namespace=default
grafana-1     | logger=storage.unified.migrator t=2026-04-20T08:17:09.608141582Z level=info msg="start migrating legacy resources" namespace=default orgId=1 stackId=0
grafana-1     | logger=storage.unified.migration_runner.folders-dashboards t=2026-04-20T08:17:09.608154291Z level=info msg="Migration progress" org_id=1 count=-1 message="migrating folders..."
grafana-1     | t=2026-04-20T08:17:09.608695335Z level=info caller=logger.go:214 time=2026-04-20T08:17:09.608688585Z msg="Using SQLite transaction from client context" logger=sql-resource-server
grafana-1     | logger=storage.unified.migration_runner.folders-dashboards t=2026-04-20T08:17:09.609691424Z level=info msg="Migration progress" org_id=1 count=-2 message="finished folders... (0)"
grafana-1     | logger=storage.unified.migration_runner.folders-dashboards t=2026-04-20T08:17:09.609701299Z level=info msg="Migration progress" org_id=1 count=-1 message="migrating dashboards..."
grafana-1     | logger=storage.unified.migration_runner.folders-dashboards t=2026-04-20T08:17:09.6098193Z level=info msg="Migration progress" org_id=1 count=-2 message="finished dashboards... (0)"
grafana-1     | logger=storage.unified.migrator t=2026-04-20T08:17:09.609826508Z level=info msg="finished migrating legacy resources" namespace=default orgId=1 stackId=0
grafana-1     | t=2026-04-20T08:17:09.61182331Z level=info caller=logger.go:214 time=2026-04-20T08:17:09.611816519Z msg="synchronize collection" key=default/folder.grafana.app/folders
grafana-1     | t=2026-04-20T08:17:09.612225896Z level=info caller=logger.go:214 time=2026-04-20T08:17:09.612222771Z msg="get stats (still in transaction)" key=default/folder.grafana.app/folders
grafana-1     | t=2026-04-20T08:17:09.613376444Z level=info caller=logger.go:214 time=2026-04-20T08:17:09.613368985Z msg="successfully locked RV" logger=sql-resource-server nextRV=1776673029613016 key=default/folder.grafana.app/folders
grafana-1     | t=2026-04-20T08:17:09.613437361Z level=info caller=logger.go:214 time=2026-04-20T08:17:09.613434527Z msg="successfully saved RV" logger=sql-resource-server rv=1776673029613016 key=default/folder.grafana.app/folders
grafana-1     | t=2026-04-20T08:17:09.613546195Z level=info caller=logger.go:214 time=2026-04-20T08:17:09.61354332Z msg="synchronize collection" key=default/dashboard.grafana.app/dashboards
grafana-1     | t=2026-04-20T08:17:09.613910822Z level=info caller=logger.go:214 time=2026-04-20T08:17:09.61390028Z msg="get stats (still in transaction)" key=default/dashboard.grafana.app/dashboards
grafana-1     | t=2026-04-20T08:17:09.614195323Z level=info caller=logger.go:214 time=2026-04-20T08:17:09.614192281Z msg="successfully locked RV" logger=sql-resource-server nextRV=1776673029613982 key=default/dashboard.grafana.app/dashboards
grafana-1     | t=2026-04-20T08:17:09.614243823Z level=info caller=logger.go:214 time=2026-04-20T08:17:09.614241615Z msg="successfully saved RV" logger=sql-resource-server rv=1776673029613982 key=default/dashboard.grafana.app/dashboards
grafana-1     | logger=storage.unified.migrator t=2026-04-20T08:17:09.614524866Z level=info msg="start rebuilding index for resources" namespace=default orgId=1 resources="[folders.folder.grafana.app dashboards.dashboard.grafana.app]"
grafana-1     | logger=storage.unified.migrator t=2026-04-20T08:17:09.61674767Z level=info msg="finished rebuilding index for resources" namespace=default orgId=1 resources="[folders.folder.grafana.app dashboards.dashboard.grafana.app]"
grafana-1     | logger=storage.unified.migration_runner.folders-dashboards t=2026-04-20T08:17:09.616818212Z level=info msg="Count validation" resource=folders.folder.grafana.app namespace=default legacy_count=0 unified_count=0 migration_summary_count=0 rejected=0 history=0
grafana-1     | logger=storage.unified.migration_runner.folders-dashboards t=2026-04-20T08:17:09.616854796Z level=info msg="Count validation" resource=dashboards.dashboard.grafana.app namespace=default legacy_count=0 unified_count=0 migration_summary_count=0 rejected=0 history=0
grafana-1     | logger=storage.unified.migration_runner.folders-dashboards t=2026-04-20T08:17:09.616915338Z level=info msg="Folder tree structure validation passed" folder_count=0 namespace=default
grafana-1     | logger=storage.unified.migration_runner.folders-dashboards t=2026-04-20T08:17:09.616920338Z level=info msg="Migration completed for organization" org_id=1 duration=10.05297ms processed=0 summaries=2 rejected=0
grafana-1     | logger=storage.unified.migration_runner.folders-dashboards t=2026-04-20T08:17:09.616927379Z level=info msg="Migration completed successfully for all organizations" org_count=1
grafana-1     | logger=unifiedstorage-migrator t=2026-04-20T08:17:09.616930588Z level=info msg="Migration successfully executed" id="folders and dashboards migration" duration=10.216346ms
grafana-1     | logger=unifiedstorage-migrator t=2026-04-20T08:17:09.619322975Z level=info msg="Executing migration" id="playlists migration"
grafana-1     | logger=storage.unified.migration_runner.playlists t=2026-04-20T08:17:09.619407018Z level=info msg="Starting migration for all organizations" org_count=1 resources=[playlists.playlist.grafana.app]
grafana-1     | logger=storage.unified.migration_runner.playlists t=2026-04-20T08:17:09.619422226Z level=info msg="Stored migrator transaction in context for bulk operations (SQLite compatibility)"
grafana-1     | logger=storage.unified.migration_runner.playlists t=2026-04-20T08:17:09.619522476Z level=info msg="Migration is not required, the legacy SQL table does not exist" table=playlist
grafana-1     | logger=unifiedstorage-migrator t=2026-04-20T08:17:09.61952756Z level=info msg="Migration successfully executed" id="playlists migration" duration=204.418µs
grafana-1     | logger=unifiedstorage-migrator t=2026-04-20T08:17:09.622584743Z level=info msg="migrations completed" performed=2 skipped=1 duration=15.884918ms
grafana-1     | logger=unifiedstorage-migrator t=2026-04-20T08:17:09.622781494Z level=info msg="Unlocking database"
grafana-1     | logger=storage.unified.migrations t=2026-04-20T08:17:09.622919995Z level=info msg="Unified storage migrations completed successfully"
grafana-1     | logger=annotations t=2026-04-20T08:17:09.625795843Z level=info msg="Starting annotation dashboard_uid migration in background"
grafana-1     | logger=annotations t=2026-04-20T08:17:09.62583601Z level=info msg="Starting batched dashboard_uid migration for annotations (newest first)" batchSize=5000
grafana-1     | logger=annotations t=2026-04-20T08:17:09.626098262Z level=info msg="Completed dashboard_uid migration for annotations" totalUpdated=0
grafana-1     | logger=annotations t=2026-04-20T08:17:09.626117387Z level=info msg="Annotation dashboard_uid migration completed successfully"
grafana-1     | logger=storage.unified.migrations t=2026-04-20T08:17:09.627700103Z level=info msg="Resolved storage mode from migration log" resource=folders.folder.grafana.app mode=unified
grafana-1     | logger=live.push_http t=2026-04-20T08:17:09.632757422Z level=info msg="Live Push Gateway initialization"
grafana-1     | logger=ngalert.notifier t=2026-04-20T08:17:09.634578474Z level=info component=alertmanager orgID=1 msg="template definitions loaded" mimir=0 grafana=0 total=0 maxTemplateOutput=10485760
grafana-1     | logger=ngalert.notifier component=alertmanager orgID=1 t=2026-04-20T08:17:09.638765204Z level=info msg="Applying new configuration to Alertmanager" configHash="{16778549912962373901 16454292769479786371 11334157631281353376 13684829433332818750 9889444224312429563 10278876130067529486 13274274624283075277 5144611013662998819}"
grafana-1     | logger=ngalert.notifier t=2026-04-20T08:17:09.638786788Z level=info component=alertmanager orgID=1 msg="template definitions loaded" mimir=0 grafana=0 total=0 maxTemplateOutput=10485760
grafana-1     | logger=ngalert.writer t=2026-04-20T08:17:09.644032232Z level=info msg="Setting up remote write using data sources" timeout=30s default_datasource_uid=
grafana-1     | logger=ngalert t=2026-04-20T08:17:09.644612194Z level=info msg="Using protobuf-based alert instance store"
grafana-1     | logger=ngalert.state.manager.persist t=2026-04-20T08:17:09.644622944Z level=info msg="Using sync rule state persister (compressed)"
grafana-1     | logger=query_data t=2026-04-20T08:17:09.64611241Z level=info msg="Query Service initialization"
grafana-1     | logger=infra.usagestats.collector t=2026-04-20T08:17:09.674025517Z level=info msg="registering usage stat providers" usageStatsProvidersLen=2
grafana-1     | logger=annotation.app t=2026-04-20T08:17:09.676023528Z level=info msg="Starting annotation cleanup loop" interval=24h0m0s retention=2160h0m0s
grafana-1     | logger=backgroundsvcs.managerAdapter t=2026-04-20T08:17:09.994693521Z level=info msg=starting module=tracing
grafana-1     | logger=backgroundsvcs.managerAdapter t=2026-04-20T08:17:09.994781605Z level=info msg=starting module=grafana-apiserver
grafana-1     | logger=grafana-apiserver t=2026-04-20T08:17:10.357620405Z level=info msg="Adding GroupVersion dashboard.grafana.app v2 to ResourceManager"
grafana-1     | logger=grafana-apiserver t=2026-04-20T08:17:10.357946615Z level=info msg="Adding GroupVersion dashboard.grafana.app v2beta1 to ResourceManager"
grafana-1     | logger=grafana-apiserver t=2026-04-20T08:17:10.358157824Z level=info msg="Adding GroupVersion dashboard.grafana.app v2alpha1 to ResourceManager"
grafana-1     | logger=grafana-apiserver t=2026-04-20T08:17:10.360669963Z level=info msg="Adding GroupVersion dashboard.grafana.app v0alpha1 to ResourceManager"
grafana-1     | logger=grafana-apiserver t=2026-04-20T08:17:10.360873047Z level=info msg="Adding GroupVersion dashboard.grafana.app v1 to ResourceManager"
grafana-1     | logger=grafana-apiserver t=2026-04-20T08:17:10.36106434Z level=info msg="Adding GroupVersion dashboard.grafana.app v1beta1 to ResourceManager"
grafana-1     | t=2026-04-20T08:17:10.361173049Z level=info caller=logger.go:214 time=2026-04-20T08:17:10.361166132Z msg="Zanzana is not enabled; skipping folder propagation hooks"
grafana-1     | t=2026-04-20T08:17:10.361203591Z level=info caller=logger.go:214 time=2026-04-20T08:17:10.361201091Z msg="Zanzana is not enabled; skipping folder propagation hooks"
grafana-1     | logger=grafana-apiserver t=2026-04-20T08:17:10.361899886Z level=info msg="Adding GroupVersion folder.grafana.app v1 to ResourceManager"
grafana-1     | logger=grafana-apiserver t=2026-04-20T08:17:10.36227043Z level=info msg="Adding GroupVersion folder.grafana.app v1beta1 to ResourceManager"
grafana-1     | logger=grafana-apiserver t=2026-04-20T08:17:10.363271518Z level=info msg="Adding GroupVersion userstorage.grafana.app v0alpha1 to ResourceManager"
grafana-1     | logger=grafana-apiserver t=2026-04-20T08:17:10.365676198Z level=info msg="Adding GroupVersion preferences.grafana.app v1alpha1 to ResourceManager"
grafana-1     | logger=grafana-apiserver t=2026-04-20T08:17:10.366236992Z level=info msg="Adding GroupVersion collections.grafana.app v1alpha1 to ResourceManager"
grafana-1     | logger=grafana-apiserver t=2026-04-20T08:17:10.368131919Z level=info msg="Adding GroupVersion provisioning.grafana.app v0alpha1 to ResourceManager"
grafana-1     | logger=grafana-apiserver t=2026-04-20T08:17:10.371249144Z level=info msg="Adding GroupVersion provisioning.grafana.app v1beta1 to ResourceManager"
grafana-1     | logger=grafana-apiserver t=2026-04-20T08:17:10.371446478Z level=info msg="Adding GroupVersion features.grafana.app v0alpha1 to ResourceManager"
grafana-1     | logger=grafana-apiserver t=2026-04-20T08:17:10.373740449Z level=info msg="Adding GroupVersion playlist.grafana.app v1 to ResourceManager"
grafana-1     | logger=grafana-apiserver t=2026-04-20T08:17:10.374935413Z level=info msg="Adding GroupVersion playlist.grafana.app v0alpha1 to ResourceManager"
grafana-1     | t=2026-04-20T08:17:10.374996664Z level=info caller=logger.go:214 time=2026-04-20T08:17:10.374988289Z msg="Installed APIs for app" app=playlist
grafana-1     | logger=grafana-apiserver t=2026-04-20T08:17:10.377657344Z level=info msg="Adding GroupVersion plugins.grafana.app v0alpha1 to ResourceManager"
grafana-1     | t=2026-04-20T08:17:10.377736303Z level=info caller=logger.go:214 time=2026-04-20T08:17:10.377730428Z msg="Installed APIs for app" app=plugins
grafana-1     | logger=grafana-apiserver t=2026-04-20T08:17:10.378283556Z level=info msg="Adding GroupVersion example.grafana.app v1alpha1 to ResourceManager"
grafana-1     | logger=grafana-apiserver t=2026-04-20T08:17:10.378568058Z level=info msg="Adding GroupVersion example.grafana.app v0alpha1 to ResourceManager"
grafana-1     | t=2026-04-20T08:17:10.378629475Z level=info caller=logger.go:214 time=2026-04-20T08:17:10.378626475Z msg="Installed APIs for app" app=example
grafana-1     | t=2026-04-20T08:17:10.380436526Z level=warn caller=logger.go:224 time=2026-04-20T08:17:10.380425984Z msg="skipped registering status sub-resource that does not support dual writing" resource=recordingrules.rules.alerting.grafana.app version=v0alpha1 storagePath=recordingrules/status
grafana-1     | t=2026-04-20T08:17:10.380516735Z level=warn caller=logger.go:224 time=2026-04-20T08:17:10.380512693Z msg="skipped registering status sub-resource that does not support dual writing" resource=alertrules.rules.alerting.grafana.app version=v0alpha1 storagePath=alertrules/status
grafana-1     | logger=grafana-apiserver t=2026-04-20T08:17:10.381239405Z level=info msg="Adding GroupVersion rules.alerting.grafana.app v0alpha1 to ResourceManager"
grafana-1     | t=2026-04-20T08:17:10.38129253Z level=info caller=logger.go:214 time=2026-04-20T08:17:10.38128853Z msg="Installed APIs for app" app=alerting
grafana-1     | logger=grafana-apiserver t=2026-04-20T08:17:10.384542631Z level=info msg="Adding GroupVersion notifications.alerting.grafana.app v1beta1 to ResourceManager"
grafana-1     | logger=grafana-apiserver t=2026-04-20T08:17:10.385222885Z level=info msg="Adding GroupVersion notifications.alerting.grafana.app v0alpha1 to ResourceManager"
grafana-1     | t=2026-04-20T08:17:10.385313093Z level=info caller=logger.go:214 time=2026-04-20T08:17:10.385308552Z msg="Installed APIs for app" app=alerting-notifications
grafana-1     | logger=grafana-apiserver t=2026-04-20T08:17:10.385927472Z level=info msg="Adding GroupVersion advisor.grafana.app v0alpha1 to ResourceManager"
grafana-1     | t=2026-04-20T08:17:10.385983555Z level=info caller=logger.go:214 time=2026-04-20T08:17:10.385980597Z msg="Installed APIs for app" app=advisor
grafana-1     | t=2026-04-20T08:17:11.037218218Z level=info caller=logger.go:214 time=2026-04-20T08:17:11.037206259Z msg="App initialized" app=alerting-notifications
grafana-1     | t=2026-04-20T08:17:11.039434813Z level=info caller=logger.go:214 time=2026-04-20T08:17:11.039427146Z msg="App initialized" app=advisor
grafana-1     | logger=backgroundsvcs.managerAdapter t=2026-04-20T08:17:11.039583313Z level=info msg=starting module=plugins.store
grafana-1     | logger=backgroundsvcs.managerAdapter t=2026-04-20T08:17:11.039669314Z level=info msg=starting module=plugin.backgroundinstaller
grafana-1     | logger=plugin.backgroundinstaller t=2026-04-20T08:17:11.039714647Z level=info msg="Plugins installed" plugins=[]
grafana-1     | logger=plugin.backgroundinstaller t=2026-04-20T08:17:11.039739106Z level=info msg="Installing plugins" plugins="[{ID:grafana-lokiexplore-app Version: URL:} {ID:grafana-pyroscope-app Version: URL:} {ID:grafana-exploretraces-app Version: URL:} {ID:grafana-metricsdrilldown-app Version: URL:} {ID:elasticsearch Version: URL:}]"
grafana-1     | logger=plugin.backgroundinstaller t=2026-04-20T08:17:11.039791189Z level=info msg="Installing plugin" pluginId=grafana-lokiexplore-app version=
grafana-1     | logger=backgroundsvcs.managerAdapter t=2026-04-20T08:17:11.042404995Z level=info msg=starting module=provisioning
grafana-1     | t=2026-04-20T08:17:11.045537511Z level=info caller=logger.go:214 time=2026-04-20T08:17:11.045529595Z msg="App initialized" app=playlist
grafana-1     | t=2026-04-20T08:17:11.045899847Z level=info caller=logger.go:214 time=2026-04-20T08:17:11.045896222Z msg="App initialized" app=plugins
grafana-1     | t=2026-04-20T08:17:11.045935805Z level=info caller=logger.go:214 time=2026-04-20T08:17:11.045933764Z msg="App initialized" app=alerting
grafana-1     | logger=provisioning.alerting t=2026-04-20T08:17:11.046143431Z level=info msg="starting to provision alerting"
grafana-1     | logger=provisioning.alerting t=2026-04-20T08:17:11.046208182Z level=info msg="finished to provision alerting"
grafana-1     | t=2026-04-20T08:17:11.047148312Z level=info caller=logger.go:214 time=2026-04-20T08:17:11.047145145Z msg="App initialized" app=example
grafana-1     | t=2026-04-20T08:17:11.055544856Z level=info caller=logger.go:214 time=2026-04-20T08:17:11.055535356Z msg="start concurrent job driver" logger=concurrent-job-driver num_drivers=3 num_drivers=3
grafana-1     | t=2026-04-20T08:17:11.055904691Z level=info caller=logger.go:214 time=2026-04-20T08:17:11.055896816Z msg="starting job cleanup controller" logger=job-cleanup-controller cleanup_interval=1m30s expiry=30s
grafana-1     | t=2026-04-20T08:17:11.056864404Z level=info caller=logger.go:214 time=2026-04-20T08:17:11.056858446Z msg="Starting RepositoryController" logger=provisioning-repository-controller
grafana-1     | logger=bleve-backend namespace=default group=dashboard.grafana.app resource=dashboards size=0 reason=search t=2026-04-20T08:17:11.057566992Z level=info msg="Building index using memory"
grafana-1     | logger=bleve-backend namespace=default group=dashboard.grafana.app resource=dashboards size=0 reason=search t=2026-04-20T08:17:11.058741664Z level=info msg="Finished building index" elapsed=368.418µs listRV=1776673029613982
grafana-1     | logger=bleve-backend namespace=default group=dashboard.grafana.app resource=dashboards size=0 reason=search t=2026-04-20T08:17:11.058800165Z level=info msg="Storing index in cache" key="{Namespace:default Group:dashboard.grafana.app Resource:dashboards}" expiration=2026-04-20T08:27:11.058799331Z
grafana-1     | t=2026-04-20T08:17:11.06202389Z level=info caller=logger.go:214 time=2026-04-20T08:17:11.062006723Z msg="start job driver" logger=concurrent-job-driver num_drivers=3 driver_id=0
grafana-1     | logger=provisioning.dashboard t=2026-04-20T08:17:11.064129734Z level=info msg="starting to provision dashboards"
grafana-1     | logger=provisioning.dashboard t=2026-04-20T08:17:11.064205235Z level=info msg="finished to provision dashboards"
grafana-1     | logger=backgroundsvcs.managerAdapter t=2026-04-20T08:17:11.065862535Z level=info msg=starting module=*updatemanager.PluginsService
grafana-1     | t=2026-04-20T08:17:11.06681779Z level=info caller=logger.go:214 time=2026-04-20T08:17:11.066808707Z msg="start job driver" logger=concurrent-job-driver num_drivers=3 driver_id=1
grafana-1     | logger=backgroundsvcs.managerAdapter t=2026-04-20T08:17:11.067045167Z level=info msg=starting module=*store.standardStorageService
grafana-1     | logger=grafanaStorageLogger t=2026-04-20T08:17:11.068903718Z level=info msg="Storage starting"
grafana-1     | logger=backgroundsvcs.managerAdapter t=2026-04-20T08:17:11.067054708Z level=info msg=starting module=*garbagecollectionworker.Worker
grafana-1     | logger=backgroundsvcs.managerAdapter t=2026-04-20T08:17:11.067051042Z level=info msg=starting module=*manager.SecretsService
grafana-1     | logger=backgroundsvcs.managerAdapter t=2026-04-20T08:17:11.067058333Z level=info msg=starting module=*dynamic.KeyRetriever
grafana-1     | logger=backgroundsvcs.managerAdapter t=2026-04-20T08:17:11.067061583Z level=info msg=starting module=*store.dummyEntityEventsService
grafana-1     | logger=backgroundsvcs.managerAdapter t=2026-04-20T08:17:11.067063708Z level=info msg=starting module=*metrics.InternalMetricsService
grafana-1     | logger=backgroundsvcs.managerAdapter t=2026-04-20T08:17:11.067065958Z level=info msg=starting module=*authimpl.UserAuthTokenService
grafana-1     | logger=backgroundsvcs.managerAdapter t=2026-04-20T08:17:11.067068583Z level=info msg=starting module=*api.HTTPServer
grafana-1     | logger=http.server t=2026-04-20T08:17:11.075381627Z level=info msg="HTTP Server Listen" address=[::]:3000 protocol=http subUrl= socket=
grafana-1     | logger=backgroundsvcs.managerAdapter t=2026-04-20T08:17:11.067070292Z level=info msg=starting module=*dualwrite.ZanzanaReconciler
grafana-1     | logger=backgroundsvcs.managerAdapter t=2026-04-20T08:17:11.067072625Z level=info msg=starting module=*rendering.RenderingService
grafana-1     | logger=backgroundsvcs.managerAdapter t=2026-04-20T08:17:11.067074333Z level=info msg=starting module=*migrations.SecretMigrationProviderImpl
grafana-1     | logger=backgroundsvcs.managerAdapter t=2026-04-20T08:17:11.067077625Z level=info msg=starting module=*service.DashboardUpdater
grafana-1     | logger=backgroundsvcs.managerAdapter t=2026-04-20T08:17:11.067079625Z level=info msg=starting module=*pluginexternal.Service
grafana-1     | logger=backgroundsvcs.managerAdapter t=2026-04-20T08:17:11.067086833Z level=info msg=starting module=*ssosettingsimpl.Service
grafana-1     | logger=backgroundsvcs.managerAdapter t=2026-04-20T08:17:11.067090083Z level=info msg=starting module=*manager.ServiceAccountsService
grafana-1     | logger=sqlstore.transactions t=2026-04-20T08:17:11.086510061Z level=info msg="Database locked, sleeping then retrying" error="database is locked (5) (SQLITE_BUSY)" retry=0
grafana-1     | logger=backgroundsvcs.managerAdapter t=2026-04-20T08:17:11.0670945Z level=info msg=starting module=*angulardetectorsprovider.Dynamic
grafana-1     | logger=backgroundsvcs.managerAdapter t=2026-04-20T08:17:11.067092292Z level=info msg=starting module=*authz.EmbeddedZanzanaService
grafana-1     | logger=backgroundsvcs.managerAdapter t=2026-04-20T08:17:11.067096583Z level=info msg=starting module=*notifications.NotificationService
grafana-1     | logger=backgroundsvcs.managerAdapter t=2026-04-20T08:17:11.067098458Z level=info msg=starting module=*live.GrafanaLive
grafana-1     | logger=backgroundsvcs.managerAdapter t=2026-04-20T08:17:11.067102125Z level=info msg=starting module=*pushhttp.Gateway
grafana-1     | logger=backgroundsvcs.managerAdapter t=2026-04-20T08:17:11.067104333Z level=info msg=starting module=*anonimpl.AnonDeviceService
grafana-1     | logger=backgroundsvcs.managerAdapter t=2026-04-20T08:17:11.067111292Z level=info msg=starting module=*cleanup.CleanUpService
grafana-1     | logger=backgroundsvcs.managerAdapter t=2026-04-20T08:17:11.067114334Z level=info msg=starting module=*remotecache.RemoteCache
grafana-1     | logger=backgroundsvcs.managerAdapter t=2026-04-20T08:17:11.067107834Z level=info msg=starting module=*ngalert.AlertNG
grafana-1     | logger=backgroundsvcs.managerAdapter t=2026-04-20T08:17:11.0671175Z level=info msg=starting module=*service.DashboardServiceImpl
grafana-1     | logger=ngalert t=2026-04-20T08:17:11.09844729Z level=info msg="Primary node, alert rule evaluation enabled"
grafana-1     | logger=ngalert.state.manager t=2026-04-20T08:17:11.098970627Z level=info msg="Warming state cache for startup"
grafana-1     | logger=backgroundsvcs.managerAdapter t=2026-04-20T08:17:11.06712925Z level=info msg=starting module=*statscollector.Service
grafana-1     | logger=backgroundsvcs.managerAdapter t=2026-04-20T08:17:11.067142459Z level=info msg=starting module=*supportbundlesimpl.Service
grafana-1     | logger=backgroundsvcs.managerAdapter t=2026-04-20T08:17:11.067136834Z level=info msg=starting module=*service.UsageStats
grafana-1     | logger=backgroundsvcs.managerAdapter t=2026-04-20T08:17:11.067124375Z level=info msg=starting module=*loginattemptimpl.Service
grafana-1     | logger=ngalert.multiorg.alertmanager t=2026-04-20T08:17:11.100881303Z level=info msg="Starting MultiOrg Alertmanager"
grafana-1     | logger=backgroundsvcs.managerAdapter t=2026-04-20T08:17:11.067132459Z level=info msg=starting module=*metric.Service
grafana-1     | t=2026-04-20T08:17:11.067185709Z level=info caller=logger.go:214 time=2026-04-20T08:17:11.067173667Z msg="start job driver" logger=concurrent-job-driver num_drivers=3 driver_id=2
grafana-1     | logger=backgroundsvcs.managerAdapter t=2026-04-20T08:17:11.067083Z level=info msg=starting module=*updatemanager.GrafanaService
grafana-1     | logger=backgroundsvcs.managerAdapter t=2026-04-20T08:17:11.067120875Z level=info msg=starting module=*appregistry.Service
grafana-1     | logger=app-registry t=2026-04-20T08:17:11.102651063Z level=info msg="app registry initialized"
grafana-1     | logger=backgroundsvcs.managerAdapter t=2026-04-20T08:17:11.102709021Z level=info msg="All modules healthy"
grafana-1     | logger=ngalert.state.manager t=2026-04-20T08:17:11.129549121Z level=info msg="State cache has been initialized" states=0 duration=30.578745ms
grafana-1     | logger=ngalert.scheduler t=2026-04-20T08:17:11.129685997Z level=info msg="Starting scheduler" tickInterval=10s maxAttempts=3
grafana-1     | logger=ngalert.scheduler t=2026-04-20T08:17:11.130221625Z level=info msg=starting component=ticker first_tick=2026-04-20T08:17:20Z
grafana-1     | t=2026-04-20T08:17:11.150288897Z level=info caller=logger.go:214 time=2026-04-20T08:17:11.150278647Z msg="Starting ConnectionController" logger=provisioning-connection-controller
grafana-1     | t=2026-04-20T08:17:11.151564946Z level=info caller=logger.go:214 time=2026-04-20T08:17:11.15155832Z msg="Starting workers" logger=provisioning-connection-controller count=1
grafana-1     | t=2026-04-20T08:17:11.151599112Z level=info caller=logger.go:214 time=2026-04-20T08:17:11.151595612Z msg="Started workers" logger=provisioning-connection-controller
grafana-1     | t=2026-04-20T08:17:11.157614269Z level=info caller=logger.go:214 time=2026-04-20T08:17:11.157601727Z msg="Starting workers" logger=provisioning-repository-controller count=1
grafana-1     | t=2026-04-20T08:17:11.157645019Z level=info caller=logger.go:214 time=2026-04-20T08:17:11.157639811Z msg="Started workers" logger=provisioning-repository-controller
grafana-1     | logger=grafana.update.checker t=2026-04-20T08:17:11.26971736Z level=info msg="Update check succeeded" duration=167.18859ms
grafana-1     | logger=plugins.update.checker t=2026-04-20T08:17:11.271709496Z level=info msg="Update check succeeded" duration=205.469792ms
grafana-1     | logger=plugins.update.checker t=2026-04-20T08:17:11.271731246Z level=info msg="flag evaluation succeeded" flag="{Value:false EvaluationDetails:{FlagKey:pluginsAutoUpdate FlagType:bool ResolutionDetail:{Variant:default Reason:STATIC ErrorCode: ErrorMessage: FlagMetadata:map[]}}}" details="{Value:false EvaluationDetails:{FlagKey:pluginsAutoUpdate FlagType:bool ResolutionDetail:{Variant:default Reason:STATIC ErrorCode: ErrorMessage: FlagMetadata:map[]}}}"
grafana-1     | logger=plugin.angulardetectorsprovider.dynamic t=2026-04-20T08:17:11.289024545Z level=info msg="Patterns update finished" duration=145.586851ms
grafana-1     | logger=plugin.installer t=2026-04-20T08:17:12.60309758Z level=info msg="Installing plugin" pluginId=grafana-lokiexplore-app version=
grafana-1     | logger=installer.fs t=2026-04-20T08:17:12.743620817Z level=info msg="Downloaded and extracted grafana-lokiexplore-app v2.0.3 zip successfully to /var/lib/grafana/plugins/grafana-lokiexplore-app"
grafana-1     | logger=plugins.registration t=2026-04-20T08:17:12.76433705Z level=info msg="Plugin registered" pluginId=grafana-lokiexplore-app
grafana-1     | logger=plugin.backgroundinstaller t=2026-04-20T08:17:12.764374675Z level=info msg="Plugin successfully installed" pluginId=grafana-lokiexplore-app version= duration=1.724561736s
grafana-1     | logger=plugin.backgroundinstaller t=2026-04-20T08:17:12.764392009Z level=info msg="Installing plugin" pluginId=grafana-pyroscope-app version=
grafana-1     | logger=plugin.installer t=2026-04-20T08:17:13.384753414Z level=info msg="Installing plugin" pluginId=grafana-pyroscope-app version=
grafana-1     | logger=installer.fs t=2026-04-20T08:17:13.486941905Z level=info msg="Downloaded and extracted grafana-pyroscope-app v2.0.3 zip successfully to /var/lib/grafana/plugins/grafana-pyroscope-app"
grafana-1     | logger=plugins.registration t=2026-04-20T08:17:13.506358298Z level=info msg="Plugin registered" pluginId=grafana-pyroscope-app
grafana-1     | logger=plugin.backgroundinstaller t=2026-04-20T08:17:13.50639559Z level=info msg="Plugin successfully installed" pluginId=grafana-pyroscope-app version= duration=742.001331ms
grafana-1     | logger=plugin.backgroundinstaller t=2026-04-20T08:17:13.506411423Z level=info msg="Installing plugin" pluginId=grafana-exploretraces-app version=
grafana-1     | logger=plugin.installer t=2026-04-20T08:17:14.104781412Z level=info msg="Installing plugin" pluginId=grafana-exploretraces-app version=
grafana-1     | logger=installer.fs t=2026-04-20T08:17:14.190872774Z level=info msg="Downloaded and extracted grafana-exploretraces-app v2.0.1 zip successfully to /var/lib/grafana/plugins/grafana-exploretraces-app"
grafana-1     | logger=plugins.registration t=2026-04-20T08:17:14.210371125Z level=info msg="Plugin registered" pluginId=grafana-exploretraces-app
grafana-1     | logger=plugin.backgroundinstaller t=2026-04-20T08:17:14.210455917Z level=info msg="Plugin successfully installed" pluginId=grafana-exploretraces-app version= duration=704.042161ms
grafana-1     | logger=plugin.backgroundinstaller t=2026-04-20T08:17:14.210481459Z level=info msg="Installing plugin" pluginId=grafana-metricsdrilldown-app version=
grafana-1     | logger=plugin.installer t=2026-04-20T08:17:14.745280561Z level=info msg="Installing plugin" pluginId=grafana-metricsdrilldown-app version=
grafana-1     | logger=installer.fs t=2026-04-20T08:17:14.82418847Z level=info msg="Downloaded and extracted grafana-metricsdrilldown-app v2.0.2 zip successfully to /var/lib/grafana/plugins/grafana-metricsdrilldown-app"
grafana-1     | logger=plugins.registration t=2026-04-20T08:17:14.839910176Z level=info msg="Plugin registered" pluginId=grafana-metricsdrilldown-app
grafana-1     | logger=plugin.backgroundinstaller t=2026-04-20T08:17:14.839985551Z level=info msg="Plugin successfully installed" pluginId=grafana-metricsdrilldown-app version= duration=629.494842ms
grafana-1     | logger=context userId=0 orgId=0 uname= t=2026-04-20T08:17:36.677152374Z level=info msg="Request Completed" method=GET path=/ status=302 remote_addr=172.18.0.1 time_ms=20 duration=20.686553ms size=29 referer= handler=/ status_source=server
grafana-1     | logger=dashboard-service t=2026-04-20T08:17:41.108739718Z level=info msg="No last resource version found, starting from scratch" orgID=1
grafana-1     | logger=dashboard-service t=2026-04-20T08:18:11.103532936Z level=info msg="No last resource version found, starting from scratch" orgID=1
grafana-1     | logger=dashboard-service t=2026-04-20T08:18:41.105026602Z level=info msg="No last resource version found, starting from scratch" orgID=1
grafana-1     | logger=bleve-backend namespace=default group=folder.grafana.app resource=folders size=0 reason=getStats t=2026-04-20T08:19:03.200850066Z level=info msg="Building index using memory"
grafana-1     | logger=bleve-backend namespace=default group=folder.grafana.app resource=folders size=0 reason=getStats t=2026-04-20T08:19:03.202014445Z level=info msg="Finished building index" elapsed=938.169µs listRV=1776673029613016
grafana-1     | logger=bleve-backend namespace=default group=folder.grafana.app resource=folders size=0 reason=getStats t=2026-04-20T08:19:03.202044111Z level=info msg="Storing index in cache" key="{Namespace:default Group:folder.grafana.app Resource:folders}" expiration=2026-04-20T08:29:03.20204307Z
grafana-1     | logger=bleve-backend namespace=default group=provisioning.grafana.app resource=repositories size=0 reason=getStats t=2026-04-20T08:19:03.221213791Z level=info msg="Building index using memory"
grafana-1     | logger=bleve-backend namespace=default group=provisioning.grafana.app resource=repositories size=0 reason=getStats t=2026-04-20T08:19:03.221696543Z level=info msg="Finished building index" elapsed=452.084µs listRV=1
grafana-1     | logger=bleve-backend namespace=default group=provisioning.grafana.app resource=repositories size=0 reason=getStats t=2026-04-20T08:19:03.221710668Z level=info msg="Storing index in cache" key="{Namespace:default Group:provisioning.grafana.app Resource:repositories}" expiration=2026-04-20T08:29:03.221710209Z
grafana-1     | logger=bleve-backend namespace=default group=playlist.grafana.app resource=playlists size=0 reason=getStats t=2026-04-20T08:19:03.228972397Z level=info msg="Building index using memory"
grafana-1     | logger=bleve-backend namespace=default group=playlist.grafana.app resource=playlists size=0 reason=getStats t=2026-04-20T08:19:03.24266527Z level=info msg="Finished building index" elapsed=13.648373ms listRV=1
grafana-1     | logger=bleve-backend namespace=default group=playlist.grafana.app resource=playlists size=0 reason=getStats t=2026-04-20T08:19:03.242876228Z level=info msg="Storing index in cache" key="{Namespace:default Group:playlist.grafana.app Resource:playlists}" expiration=2026-04-20T08:29:03.24279827Z
grafana-1     | logger=infra.usagestats t=2026-04-20T08:19:03.264129789Z level=info msg="Usage stats are ready to report"
grafana-1     | logger=dashboard-service t=2026-04-20T08:19:11.11010224Z level=info msg="No last resource version found, starting from scratch" orgID=1
grafana-1     | logger=dashboard-service t=2026-04-20T08:19:41.107664931Z level=info msg="No last resource version found, starting from scratch" orgID=1
grafana-1     | logger=dashboard-service t=2026-04-20T08:20:11.108022103Z level=info msg="No last resource version found, starting from scratch" orgID=1
grafana-1     | logger=dashboard-service t=2026-04-20T08:20:41.108417156Z level=info msg="No last resource version found, starting from scratch" orgID=1
grafana-1     | logger=dashboard-service t=2026-04-20T08:21:11.107436881Z level=info msg="No last resource version found, starting from scratch" orgID=1
grafana-1     | logger=dashboard-service t=2026-04-20T08:21:41.1098768Z level=info msg="No last resource version found, starting from scratch" orgID=1
grafana-1     | logger=dashboard-service t=2026-04-20T08:22:11.106711206Z level=info msg="No last resource version found, starting from scratch" orgID=1
grafana-1     | logger=dashboard-service t=2026-04-20T08:22:41.10933647Z level=info msg="No last resource version found, starting from scratch" orgID=1
grafana-1     | logger=dashboard-service t=2026-04-20T08:23:11.106718913Z level=info msg="No last resource version found, starting from scratch" orgID=1
grafana-1     | logger=dashboard-service t=2026-04-20T08:23:41.104047886Z level=info msg="No last resource version found, starting from scratch" orgID=1
